,Min_Rate,Interest_Income,Cost_of_Funds,NPV,IRR,ROA,ROE,Net_Profit,ECAP,Loss_Rate,Target_IRR,TT,REQUEST_ID,clv_tea,wtp_tea,cluster,wtp_irr,wtp_npv
0,NaN,NaN,NaN,NaN,NaN,NaN,NaN,NaN,NaN,NaN,NaN,NaN,1_1,NaN,NaN,NaN,NaN,NaN
1,0.345,NaN,NaN,72.13228299234652,NaN,NaN,NaN,594.0177166839203,2948.940150131797,NaN,0.19999999999999973,NaN,1_2,0.3049601904196215,0.345,5.0,8.493922317962318e+109,-113.50812186865426
2,0.3049601904196215,NaN,NaN,72.13228299234652,NaN,NaN,NaN,594.0177166839203,2948.940150131797,NaN,0.19999999999999973,NaN,1_3,0.3049601904196215,NaN,NaN,NaN,NaN
3,0.2487583162052358,NaN,NaN,0.0,NaN,NaN,NaN,31.281281665386512,2906.1521540966587,NaN,0.00999999999999912,NaN,1_4,0.2487583162052358,NaN,NaN,NaN,NaN
