product_code_final,costos_adm_unidades,costos_adm_saldo,costos_procesos_op_y_trans_unidades,costos_procesos_op_y_trans_saldo,costos_indirectos_unidades,costos_indirectos_saldo,costos_twow_unidades,costos_twow_saldo,costos_cob_1_30,costos_cob_31_60,costos_mantSBS
1,21.94966654,0.0002152,4.260686436,0,0,0.000476514,0,0,23.65688869,93.44868947,3.28E-05
2,208.2994335,0,11.64610641,0,78.67436063,0,0,0,41.5167344,150.959838,3.28E-05
3,208.2994335,0,11.64610641,0,78.67436063,0,0,0,41.5167344,150.959838,3.28E-05
4,208.2994335,0,11.64610641,0,78.67436063,0,0,0,41.5167344,150.959838,3.28E-05
5,1.836089043,0.000163735,4.260686436,0,0,0.000396806,0,0,21.11970791,62.72335053,3.28E-05