product_name_long,tipo_credito,campania,product_code
EFECTIVO ACTIVO FIJO,PYME,NORMAL,AF
EFECTIVO ACTIVO FIJO,NEGO,NORMAL,AF
EFECTIVO CAPITAL DE TRABAJO,PYME,NORMAL,CT
EFECTIVO CAPITAL DE TRABAJO,NEGO,NORMAL,CT
EFECTIVO DE NEGOCIO,CATR,SIN CAMPANA,CT
EFECTIVO DE NEGOCIO,ACFI,ACTIVO FIJO INMUEBLES,AF
EFECTIVO DE NEGOCIO,ACFI,ACTIVO FIJO MUEBLES,AF
NEGOCIO COMERCIAL,ACFI,CAMPANA AZUL,AF
NEGOCIO COMERCIAL,ACFI,CAMPANA AZUL 750M 1200M,AF
EFECTIVO DE NEGOCIO,CATR,CDD NO CLIENTES,CT
EFECTIVO DE NEGOCIO,CATR,COMPRA DE DEUDA,CT
EFECTIVO DE NEGOCIO,ACFI,COMPRA DE DEUDA,AF
EFECTIVO DE NEGOCIO,ACFI,AF MUEBLE DIRECTO,AFV
EFECTIVO DE NEGOCIO,CATR,FOGEM SIN CAMPANA,CT
EFECTIVO DE NEGOCIO,CATR,FOGEM COMPRA DE DEUDA,CT
EFECTIVO DE NEGOCIO,ACFI,ACTIVO FIJO LMN MUEBLE,AF
EFECTIVO DE NEGOCIO,CATR,DBAN PYME CEN,CT
EFECTIVO DE NEGOCIO,CATR,ACTIVO FIJO INMUEBLES,CT
EFECTIVO DE NEGOCIO,CATR,REGULARIZACION DBAN PYME CEN,CT
EFECTIVO DE NEGOCIO,CATR,ACTIVO FIJO MUEBLES,CT
EFECTIVO DE NEGOCIO,ACFI,REGULARIZACION DBAN PYME CEN,AF
EFECTIVO DE NEGOCIO,ACFI,DBAN PYME CEN,AF
EFECTIVO DE NEGOCIO,ACFI,SIN CAMPANA,AF
EFECTIVO DE NEGOCIO,CATR,APROBADOS FERIA ARTI,CT
EFECTIVO DE NEGOCIO,CATR,APROBADOS CAMPANA PUNO,CT
EFECTIVO DE NEGOCIO,ACFI,PROYECTO CENTRO COMERCIAL TARPUY,AF
EFECTIVO DE NEGOCIO,PYME,ACTIVO FIJO INMUEBLES,AF
EFECTIVO DE NEGOCIO,PYME,ACTIVO FIJO MUEBLES,AF
EFECTIVO DE NEGOCIO,ACFI,ACTIVO FIJO LMN INMUEBLE,AF
EFECTIVO DE NEGOCIO,ACFI,PREAPRO AF INMUEBLE,AF
EFECTIVO DE NEGOCIO,ACFI,CDD NO CLIENTES,AF
EFECTIVO DE NEGOCIO,ACFI,CAMPANA ACTIVO FIJO,AF
EFECTIVO DE NEGOCIO,ACFI,MICRO SIN CAMPANA,AF
EFECTIVO DE NEGOCIO,ACFI,FOGEM ACTIVO FIJO MUEBLES,AF
EFECTIVO DE NEGOCIO,CATR,MICRO SIN CAMPANA,CT
EFECTIVO DE NEGOCIO,CATR,CLIENTES SIN RUC,CT
EFECTIVO DE NEGOCIO,CATR,FOGEM RIESGOS,CT
EFECTIVO DE NEGOCIO,ACFI,FOGEM ACTIVO FIJO INMUEBLES,AF
EFECTIVO DE NEGOCIO,NEGO,ACTIVO FIJO MUEBLES,AF
EFECTIVO FINANCIAMIENTO DE GALERIAS,NEGO,PROYECTO MALVINAS PLAZA,AF
EFECTIVO FINANCIAMIENTO DE GALERIAS,PYME,PROYECTO MALVINAS PLAZA,AF
EFECTIVO FINANCIAMIENTO DE GALERIAS,PYME,PROYECTO LA FLORIDA,AF
EFECTIVO FINANCIAMIENTO DE GALERIAS,PYME,PROYECTO DIVER PLAZA II,AF
EFECTIVO FINANCIAMIENTO DE GALERIAS,NEGO,PROYECTO LAS LEYENDAS DE SAN MIGUEL,AF
EFECTIVO FINANCIAMIENTO DE GALERIAS,NEGO,PROYECTO LA FLORIDA,AF
EFECTIVO FINANCIAMIENTO DE GALERIAS,PYME,LOC PROYECTO LA 13 DE MEXICO,AF
EFECTIVO FINANCIAMIENTO DE GALERIAS,NEGO,PROYECTO DIVER PLAZA II,AF
EFECTIVO FINANCIAMIENTO DE GALERIAS,PYME,NORMAL,AF
EFECTIVO FINANCIAMIENTO DE GALERIAS,PYME,LOC PROYECTO CORONEL ZAMORA II,AF
EFECTIVO FINANCIAMIENTO DE GALERIAS,NEGO,LOC PROYECTO CORONEL ZAMORA II,AF
EFECTIVO FINANCIAMIENTO DE GALERIAS,PYME,PROYECTO LA MAR,AF
EFECTIVO FINANCIAMIENTO DE GALERIAS,PYME,PROYECTO LAS LEYENDAS DE SAN MIGUEL,AF
EFECTIVO FINANCIAMIENTO DE GALERIAS,PYME,LOC LOS FABRICANTES SJM,AF
LEASING PE,ACFI,SIN CAMPANA MUEBLE,LEA
LEASING PE,ACFI,TRANSPORTES 77,LEA
LEASING PE,ACFI,SIN CAMPANA INMUEBLE,LEA
LEASING PE,CATR,SIN CAMPANA MUEBLE,LEA
LEASING PE,CATR,SIN CAMPANA INMUEBLE,LEA
LEASING PE,ACFI,LEADS FV MUEBLE,LEA
LEASING PE,ACFI,AUTOEMPRESA MUEBLE,LEA
LEASING PE,ACFI,LEADS FV INMUEBLE,LEA
LEASING PE,ACFI,AUTOEMPRESA INMUEBLE,LEA
LEASING PE,ACFI,CIA INDUSTRIAL CONTINENTAL,LEA
LEASING PE,PYME,SIN CAMPANA MUEBLE,LEA
NEGOCIO COMERCIAL,ACFI,ACTIVO FIJO INMUEBLES,AF
NEGOCIO COMERCIAL,ACFI,ACTIVO FIJO MUEBLES,AF
NEGOCIO COMERCIAL,ACFI,COMPRA DEUDA,AF
NEGOCIO COMERCIAL,ACFI,TOP AFI,AF
NEGOCIO COMERCIAL,ACFI,TOP AFI 750M 1200M,AF
NEGOCIO COMERCIAL,ACFI,TOP AFM,AF
NEGOCIO COMERCIAL,ACFI,TOP AFM 750M 1200M,AF
NEGOCIO COMERCIAL,ACFI,TOP MPP,NCMP
NEGOCIO COMERCIAL,ACFI,TOP MPP 750M 1200M,NCMP
NEGOCIO COMERCIAL,CATR,CAPITAL DE TRABAJO,CT
NEGOCIO COMERCIAL,CATR,COMPRA DEUDA,CT
NEGOCIO COMERCIAL,ACFI,DBAN PYME NEG COMERCIAL,AF
NEGOCIO COMERCIAL,ACFI,REGULARIZACION DBAN NEG COMERCIAL,AF
NEGOCIO COMERCIAL,CATR,DBAN PYME NEG COMERCIAL,CT
NEGOCIO COMERCIAL,CATR,ACTIVO FIJO INMUEBLES,CT
NEGOCIO COMERCIAL,CATR,REGULARIZACION DBAN NEG COMERCIAL,CT
NEGOCIO COMERCIAL,ACFI,PREAPRO AF INMUEBLE,AF
NEGOCIO COMERCIAL,ACFI,ACTIVO FIJO LMN INMUEBLE,AF
NEGOCIO COMERCIAL,NEGO,ACTIVO FIJO INMUEBLES,AF
NEGOCIO COMERCIAL,ACFI,ACTIVO FIJO LMN MUEBLE,AF
NEGOCIO COMERCIAL,CATR,ACTIVO FIJO MUEBLES,CT
NEGOCIO COMERCIAL,ACFI,ACTIVO FIJO MUEBLES MAQUINEGOCIOS,AF
NEGOCIO COMERCIAL,ACFI,ACTIVO FIJO PREAPROBADOS,AF
NEGOCIO COMERCIAL,ACFI,AF MUEBLE DIRECTO,AFV
NEGOCIO COMERCIAL,ACFI,CAPITAL DE TRABAJO,AF
NEGOCIO COMERCIAL,NEGO,CAPITAL DE TRABAJO,CT
NEGOCIO COMERCIAL,PYME,ACTIVO FIJO INMUEBLES,AF
NEGOCIO COMERCIAL,ACFI,PROYECTO CENTRO COMERCIAL TARPUY,AF
NEGOCIO COMERCIAL,CATR,CN SIMILAR A PAGARE,CT
NEGOCIO COMERCIAL,NEGO,ACTIVO FIJO MUEBLES,AF
NEGOCIO COMERCIAL,ACFI,COMERCIANTES GRAU,AF
NEGOCIO COMERCIAL,CATR,CAMPANA PERMANENTE,CT
NEGOCIO COMERCIAL,CATR,CDD NO CLIENTES,CT
LINEA MULTIPLE NEGOCIOS,ACFI,COMPRA DE DEUDA LMN,AF
ACTUALIZACION DE DATOS,ACFI,CAPACITACION,AF
ACTUALIZACION DE DATOS,ACFI,PREMORA,AF
ACTUALIZACION DE DATOS,ACFI,SIN CAMPANA,AF
ACTUALIZACION DE DATOS,ACFI,VISITA HIPOTECARIO,AF
ACTUALIZACION DE DATOS,CATR,CAPACITACION,CT
ACTUALIZACION DE DATOS,CATR,PREMORA,CT
ACTUALIZACION DE DATOS,CATR,SIN CAMPANA,CT
ACTUALIZACION DE DATOS,CATR,VISITA CONSUMO,CT
ACTUALIZACION DE DATOS,CATR,VISITA HIPOTECARIO,CT
ACTUALIZACION DE DATOS,NEGO,SIN CAMPANA,AF
EFECTIVO DE NEGOCIO,CATR,CAMPANA INVITADOS PYME CT,CT
EFECTIVO DE NEGOCIO,PYME,CAMPANA INVITADOS PYME CT,CT
EFECTIVO FINANCIAMIENTO DE GALERIAS,PYME,LOC PROYECTO REY DE AMAZONAS,AF
NEGOCIO COMERCIAL,ACFI,AFI 750M 1200M,AF
NEGOCIO COMERCIAL,ACFI,CDD AFI 750M 1200M,AF
NEGOCIO COMERCIAL,ACFI,AFM 750M 1200M,AF
NEGOCIO COMERCIAL,ACFI,CDD AFM 750M 1200M,AF
LEASING PE,ACFI,LEASING AFI 750M 1200M,LEA
LEASING PE,ACFI,LEASING MUEBLES 750M 1200M,LEA
LEASING PE,ACFI,CDD LEASING AFI 750M 1200M,LEA
LEASING PE,ACFI,CDD LEASING AFM 750M 1200M,LEA
NEGOCIO COMERCIAL,CATR,CAPITAL TRABAJO 750M 1200M,CT
NEGOCIO COMERCIAL,CATR,CDD CEN CT 750M 1200M,CT
NEGOCIO COMERCIAL,ACFI,CAMPANA CDD AFI 90M 750M,AF
NEGOCIO COMERCIAL,ACFI,CAMPANA CDD AFI 750M 1200M,AF
EFECTIVO FINANCIAMIENTO DE GALERIAS,PYME,PROYECTO REAL PREMIER,AF
EFECTIVO FINANCIAMIENTO DE GALERIAS,PYME,PROYECTO HUAROCHIRI,AF
EFECTIVO FINANCIAMIENTO DE GALERIAS,PYME,PROYECTO LA CALERA,AF
NEGOCIO COMERCIAL,ACFI,MULTIPROPOSITO PYME,NCMP
NEGOCIO COMERCIAL,ACFI,MULTIPROPOSITO PYME 750M 1200M,NCMP
EFECTIVO FINANCIAMIENTO DE GALERIAS,PYME,LOC LA CALERA,AF
EFECTIVO FINANCIAMIENTO DE GALERIAS,PYME,LOC EL DIAMANTE,AF
NEGOCIO COMERCIAL,ACFI,CEN AFM GENERAL MOTORS,AF
NEGOCIO COMERCIAL,ACFI,CEN AFM EXPOMOTOR,AF
EFECTIVO DE NEGOCIO,CATR,CAPITAL DE TRABAJO,CT
EFECTIVO DE NEGOCIO,CATR,CAPITAL DE TRABAJO 750M 1200M,CT
EFECTIVO DE NEGOCIO,CATR,CONSOLIDACION CT,CT
EFECTIVO DE NEGOCIO,CATR,CONSOLIDACION CT 750 1200M,CT
EFECTIVO DE NEGOCIO,CATR,CONSOLIDACION CT 750M 1200M,CT
EFECTIVO FINANCIAMIENTO DE GALERIAS,PYME,LOC HUACHIPA,AF
EFECTIVO DE NEGOCIO,CATR,CDD CEN CT 750M 1200M,CT
EFECTIVO DE NEGOCIO,CATR,CREDITO FLEXIBLE,CT
EFECTIVO DE NEGOCIO,CATR,CREDITO FLEXIBLE 750M 1200M,CT
NEGOCIO COMERCIAL,ACFI,CDD ACTIVO FIJO,AF
EFECTIVO FINANCIAMIENTO DE GALERIAS,PYME,LOC PROYECTO BELTRAN,AF
NEGOCIO COMERCIAL,ACFI,CONSOLIDACION AFI,AF
NEGOCIO COMERCIAL,ACFI,CONSOLIDACION AFI 750M 1200M,AF
NEGOCIO COMERCIAL,ACFI,CONSOLIDACION LP CP,NCMP
NEGOCIO COMERCIAL,ACFI,CONSOLIDACION LP CP 750M1200M,NCMP
NEGOCIO COMERCIAL,ACFI,CONSOLIDACION LP MPP,NCMP
NEGOCIO COMERCIAL,ACFI,CONSOLIDACION LP MPP 750M 1200M,NCMP
EFECTIVO DE NEGOCIO,CATR,CAPITAL DE TRABAJO LMN,CT
EFECTIVO DE NEGOCIO,CATR,COMPRA DE DEUDA CP LMN,CT
EFECTIVO DE NEGOCIO,ACFI,COMPRA DE DEUDA LP LMN,AF
EFECTIVO DE NEGOCIO,PYME,ACTIVO FIJO LMN MPP,NCMP
NEGOCIO COMERCIAL,ACFI,COMPRA DE DEUDA LP LMN,AF
NEGOCIO COMERCIAL,ACFI,ACTIVO FIJO LMN MPP,NCMP
EFECTIVO DE NEGOCIO,CATR,CONSOLIDACION CT SIN INC,CT
EFECTIVO ACTIVO FIJO,PYME,PROY GALERIAS FONDO FIADOR LMN,AF
EFECTIVO ACTIVO FIJO,PYME,PROY GALERIAS FONDO FIADOR PY,AF
EFECTIVO ACTIVO FIJO,PYME,PROY GALERIAS FONDO FIADOR 750M 1200M,AF
EFECTIVO DE NEGOCIO,CATR,ALPHA,ALPHA