V_CodLocalidad,DESLOCALIDAD,CodZona
0001,AMAZONAS,1
0002,AMAZONAS,1
0003,AMAZONAS,1
0004,AMAZONAS,1
0005,AMAZONAS,1
0006,AMAZONAS,1
0007,AMAZONAS,1
0008,AMAZONAS,1
0009,AMAZONAS,1
0010,AMAZONAS,1
0011,AMAZONAS,1
0012,AMAZONAS,1
0013,AMAZONAS,1
0014,AMAZONAS,1
0015,AMAZONAS,1
0016,AMAZONAS,1
0017,AMAZONAS,1
0018,AMAZONAS,1
0019,AMAZONAS,1
0020,AMAZONAS,1
0021,AMAZONAS,1
0022,AMAZONAS,1
0023,AMAZONAS,1
0024,AMAZONAS,1
0025,AMAZONAS,1
0026,AMAZONAS,1
0027,AMAZONAS,1
0028,AMAZONAS,1
0029,AMAZONAS,1
0030,AMAZONAS,1
0031,AMAZONAS,1
0032,AMAZONAS,1
0033,AMAZONAS,1
0034,AMAZONAS,1
0035,AMAZONAS,1
0036,AMAZONAS,1
0037,AMAZONAS,1
0038,AMAZONAS,1
0039,AMAZONAS,1
0040,AMAZONAS,1
0041,AMAZONAS,1
0042,AMAZONAS,1
0043,AMAZONAS,1
0044,AMAZONAS,1
0045,AMAZONAS,1
0046,AMAZONAS,1
0047,AMAZONAS,1
0048,AMAZONAS,1
0049,AMAZONAS,1
0050,AMAZONAS,1
0051,AMAZONAS,1
0052,AMAZONAS,1
0053,AMAZONAS,1
0054,AMAZONAS,1
0055,AMAZONAS,1
0056,AMAZONAS,1
0057,AMAZONAS,1
0058,AMAZONAS,1
0059,AMAZONAS,1
0060,AMAZONAS,1
0061,AMAZONAS,1
0062,AMAZONAS,1
0063,AMAZONAS,1
0064,AMAZONAS,1
0065,AMAZONAS,1
0066,AMAZONAS,1
0067,AMAZONAS,1
0068,AMAZONAS,1
0069,AMAZONAS,1
0070,AMAZONAS,1
0071,AMAZONAS,1
0072,AMAZONAS,1
0073,AMAZONAS,1
0074,AMAZONAS,1
0075,AMAZONAS,1
0076,AMAZONAS,1
0077,AMAZONAS,1
0078,AMAZONAS,1
0079,AMAZONAS,1
0080,AMAZONAS,1
0081,AMAZONAS,1
0082,AMAZONAS,1
0083,ANCASH,2
0084,ANCASH,2
0085,ANCASH,2
0086,ANCASH,2
0087,ANCASH,2
0088,ANCASH,2
0089,ANCASH,2
0090,ANCASH,2
0091,ANCASH,2
0092,ANCASH,2
0093,ANCASH,2
0094,ANCASH,2
0095,ANCASH,2
0096,ANCASH,2
0097,ANCASH,2
0098,ANCASH,2
0099,ANCASH,2
0100,ANCASH,2
0101,ANCASH,2
0102,ANCASH,2
0103,ANCASH,2
0104,ANCASH,2
0105,ANCASH,2
0106,ANCASH,2
0107,ANCASH,2
0108,ANCASH,2
0109,ANCASH,2
0110,ANCASH,2
0111,ANCASH,2
0112,ANCASH,2
0113,ANCASH,2
0114,ANCASH,2
0115,ANCASH,2
0116,ANCASH,2
0117,ANCASH,2
0118,ANCASH,2
0119,ANCASH,2
0120,ANCASH,2
0121,ANCASH,2
0122,ANCASH,2
0123,ANCASH,2
0124,ANCASH,2
0125,ANCASH,2
0126,ANCASH,2
0127,ANCASH,2
0128,ANCASH,2
0129,ANCASH,2
0130,ANCASH,2
0131,ANCASH,2
0132,ANCASH,2
0133,ANCASH,2
0134,ANCASH,2
0135,ANCASH,2
0136,ANCASH,2
0137,ANCASH,2
0138,ANCASH,2
0139,ANCASH,2
0140,ANCASH,2
0141,ANCASH,2
0142,ANCASH,2
0143,ANCASH,2
0144,ANCASH,2
0145,ANCASH,2
0146,ANCASH,2
0147,ANCASH,2
0148,ANCASH,2
0149,ANCASH,2
0150,ANCASH,2
0151,ANCASH,2
0152,ANCASH,2
0153,ANCASH,2
0154,ANCASH,2
0155,ANCASH,2
0156,ANCASH,2
0157,ANCASH,2
0158,ANCASH,2
0159,ANCASH,2
0160,ANCASH,2
0161,ANCASH,2
0162,ANCASH,2
0163,ANCASH,2
0164,ANCASH,2
0165,ANCASH,2
0166,ANCASH,2
0167,ANCASH,2
0168,ANCASH,2
0169,ANCASH,2
0170,ANCASH,2
0171,ANCASH,2
0172,ANCASH,2
0173,ANCASH,2
0174,ANCASH,2
0175,ANCASH,2
0176,ANCASH,2
0177,ANCASH,2
0178,ANCASH,2
0179,ANCASH,2
0180,ANCASH,2
0181,ANCASH,2
0182,ANCASH,2
0183,ANCASH,2
0184,ANCASH,2
0185,ANCASH,2
0186,ANCASH,2
0187,ANCASH,2
0188,ANCASH,2
0189,ANCASH,2
0190,ANCASH,2
0191,ANCASH,2
0192,ANCASH,2
0193,ANCASH,2
0194,ANCASH,2
0195,ANCASH,2
0196,ANCASH,2
0197,ANCASH,2
0198,ANCASH,2
0199,ANCASH,2
0200,ANCASH,2
0201,ANCASH,2
0202,ANCASH,2
0203,ANCASH,2
0204,ANCASH,2
0205,ANCASH,2
0206,ANCASH,2
0207,ANCASH,2
0208,ANCASH,2
0209,ANCASH,2
0210,ANCASH,2
0211,ANCASH,2
0212,ANCASH,2
0213,ANCASH,2
0214,ANCASH,2
0215,ANCASH,2
0216,ANCASH,2
0217,ANCASH,2
0218,ANCASH,2
0219,ANCASH,2
0220,ANCASH,2
0221,ANCASH,2
0222,ANCASH,2
0223,ANCASH,2
0224,ANCASH,2
0225,ANCASH,2
0226,ANCASH,2
0227,ANCASH,2
0228,ANCASH,2
0229,ANCASH,2
0230,ANCASH,2
0231,ANCASH,2
0232,ANCASH,2
0233,ANCASH,2
0234,ANCASH,2
0235,ANCASH,2
0236,ANCASH,2
0237,ANCASH,2
0238,ANCASH,2
0239,ANCASH,2
0240,ANCASH,2
0241,ANCASH,2
0242,ANCASH,2
0243,ANCASH,2
0244,ANCASH,2
0245,APURIMAC,3
0246,APURIMAC,3
0247,APURIMAC,3
0248,APURIMAC,3
0249,APURIMAC,3
0250,APURIMAC,3
0251,APURIMAC,3
0252,APURIMAC,3
0253,APURIMAC,3
0254,APURIMAC,3
0255,APURIMAC,3
0256,APURIMAC,3
0257,APURIMAC,3
0258,APURIMAC,3
0259,APURIMAC,3
0260,APURIMAC,3
0261,APURIMAC,3
0262,APURIMAC,3
0263,APURIMAC,3
0264,APURIMAC,3
0265,APURIMAC,3
0266,APURIMAC,3
0267,APURIMAC,3
0268,APURIMAC,3
0269,APURIMAC,3
0270,APURIMAC,3
0271,APURIMAC,3
0272,APURIMAC,3
0273,APURIMAC,3
0274,APURIMAC,3
0275,APURIMAC,3
0276,APURIMAC,3
0277,APURIMAC,3
0278,APURIMAC,3
0279,APURIMAC,3
0280,APURIMAC,3
0281,APURIMAC,3
0282,APURIMAC,3
0283,APURIMAC,3
0284,APURIMAC,3
0285,APURIMAC,3
0286,APURIMAC,3
0287,APURIMAC,3
0288,APURIMAC,3
0289,APURIMAC,3
0290,APURIMAC,3
0291,APURIMAC,3
0292,APURIMAC,3
0293,APURIMAC,3
0294,APURIMAC,3
0295,APURIMAC,3
0296,APURIMAC,3
0297,APURIMAC,3
0298,APURIMAC,3
0299,APURIMAC,3
0300,APURIMAC,3
0301,APURIMAC,3
0302,APURIMAC,3
0303,APURIMAC,3
0304,APURIMAC,3
0305,APURIMAC,3
0306,APURIMAC,3
0307,APURIMAC,3
0308,APURIMAC,3
0309,APURIMAC,3
0310,APURIMAC,3
0311,APURIMAC,3
0312,APURIMAC,3
0313,APURIMAC,3
0314,APURIMAC,3
0315,APURIMAC,3
0316,APURIMAC,3
0317,APURIMAC,3
0318,APURIMAC,3
0319,AREQUIPA,4
0320,AREQUIPA,4
0321,AREQUIPA,4
0322,AREQUIPA,4
0323,AREQUIPA,4
0324,AREQUIPA,4
0325,AREQUIPA,4
0326,AREQUIPA,4
0327,AREQUIPA,4
0328,AREQUIPA,4
0329,AREQUIPA,4
0330,AREQUIPA,4
0331,AREQUIPA,4
0332,AREQUIPA,4
0333,AREQUIPA,4
0334,AREQUIPA,4
0335,AREQUIPA,4
0336,AREQUIPA,4
0337,AREQUIPA,4
0338,AREQUIPA,4
0339,AREQUIPA,4
0340,AREQUIPA,4
0341,AREQUIPA,4
0342,AREQUIPA,4
0343,AREQUIPA,4
0344,AREQUIPA,4
0345,AREQUIPA,4
0346,AREQUIPA,4
0347,AREQUIPA,4
0348,AREQUIPA,4
0349,AREQUIPA,4
0350,AREQUIPA,4
0351,AREQUIPA,4
0352,AREQUIPA,4
0353,AREQUIPA,4
0354,AREQUIPA,4
0355,AREQUIPA,4
0356,AREQUIPA,4
0357,AREQUIPA,4
0358,AREQUIPA,4
0359,AREQUIPA,4
0360,AREQUIPA,4
0361,AREQUIPA,4
0362,AREQUIPA,4
0363,AREQUIPA,4
0364,AREQUIPA,4
0365,AREQUIPA,4
0366,AREQUIPA,4
0367,AREQUIPA,4
0368,AREQUIPA,4
0369,AREQUIPA,4
0370,AREQUIPA,4
0371,AREQUIPA,4
0372,AREQUIPA,4
0373,AREQUIPA,4
0374,AREQUIPA,4
0375,AREQUIPA,4
0376,AREQUIPA,4
0377,AREQUIPA,4
0378,AREQUIPA,4
0379,AREQUIPA,4
0380,AREQUIPA,4
0381,AREQUIPA,4
0382,AREQUIPA,4
0383,AREQUIPA,4
0384,AREQUIPA,4
0385,AREQUIPA,4
0386,AREQUIPA,4
0387,AREQUIPA,4
0388,AREQUIPA,4
0389,AREQUIPA,4
0390,AREQUIPA,4
0391,AREQUIPA,4
0392,AREQUIPA,4
0393,AREQUIPA,4
0394,AREQUIPA,4
0395,AREQUIPA,4
0396,AREQUIPA,4
0397,AREQUIPA,4
0398,AREQUIPA,4
0399,AREQUIPA,4
0400,AREQUIPA,4
0401,AREQUIPA,4
0402,AREQUIPA,4
0403,AREQUIPA,4
0404,AREQUIPA,4
0405,AREQUIPA,4
0406,AREQUIPA,4
0407,AREQUIPA,4
0408,AREQUIPA,4
0409,AREQUIPA,4
0410,AREQUIPA,4
0411,AREQUIPA,4
0412,AREQUIPA,4
0413,AREQUIPA,4
0414,AREQUIPA,4
0415,AREQUIPA,4
0416,AREQUIPA,4
0417,AREQUIPA,4
0418,AREQUIPA,4
0419,AREQUIPA,4
0420,AREQUIPA,4
0421,AREQUIPA,4
0422,AREQUIPA,4
0423,AREQUIPA,4
0424,AYACUCHO,5
0425,AYACUCHO,5
0426,AYACUCHO,5
0427,AYACUCHO,5
0428,AYACUCHO,5
0429,AYACUCHO,5
0430,AYACUCHO,5
0431,AYACUCHO,5
0432,AYACUCHO,5
0433,AYACUCHO,5
0434,AYACUCHO,5
0435,AYACUCHO,5
0436,AYACUCHO,5
0437,AYACUCHO,5
0438,AYACUCHO,5
0439,AYACUCHO,5
0440,AYACUCHO,5
0441,AYACUCHO,5
0442,AYACUCHO,5
0443,AYACUCHO,5
0444,AYACUCHO,5
0445,AYACUCHO,5
0446,AYACUCHO,5
0447,AYACUCHO,5
0448,AYACUCHO,5
0449,AYACUCHO,5
0450,AYACUCHO,5
0451,AYACUCHO,5
0452,AYACUCHO,5
0453,AYACUCHO,5
0454,AYACUCHO,5
0455,AYACUCHO,5
0456,AYACUCHO,5
0457,AYACUCHO,5
0458,AYACUCHO,5
0459,AYACUCHO,5
0460,AYACUCHO,5
0461,AYACUCHO,5
0462,AYACUCHO,5
0463,AYACUCHO,5
0464,AYACUCHO,5
0465,AYACUCHO,5
0466,AYACUCHO,5
0467,AYACUCHO,5
0468,AYACUCHO,5
0469,AYACUCHO,5
0470,AYACUCHO,5
0471,AYACUCHO,5
0472,AYACUCHO,5
0473,AYACUCHO,5
0474,AYACUCHO,5
0475,AYACUCHO,5
0476,AYACUCHO,5
0477,AYACUCHO,5
0478,AYACUCHO,5
0479,AYACUCHO,5
0480,AYACUCHO,5
0481,AYACUCHO,5
0482,AYACUCHO,5
0483,AYACUCHO,5
0484,AYACUCHO,5
0485,AYACUCHO,5
0486,AYACUCHO,5
0487,AYACUCHO,5
0488,AYACUCHO,5
0489,AYACUCHO,5
0490,AYACUCHO,5
0491,AYACUCHO,5
0492,AYACUCHO,5
0493,AYACUCHO,5
0494,AYACUCHO,5
0495,AYACUCHO,5
0496,AYACUCHO,5
0497,AYACUCHO,5
0498,AYACUCHO,5
0499,AYACUCHO,5
0500,AYACUCHO,5
0501,AYACUCHO,5
0502,AYACUCHO,5
0503,AYACUCHO,5
0504,AYACUCHO,5
0505,AYACUCHO,5
0506,AYACUCHO,5
0507,AYACUCHO,5
0508,AYACUCHO,5
0509,AYACUCHO,5
0510,AYACUCHO,5
0511,AYACUCHO,5
0512,AYACUCHO,5
0513,AYACUCHO,5
0514,AYACUCHO,5
0515,AYACUCHO,5
0516,AYACUCHO,5
0517,AYACUCHO,5
0518,AYACUCHO,5
0519,AYACUCHO,5
0520,AYACUCHO,5
0521,AYACUCHO,5
0522,AYACUCHO,5
0523,AYACUCHO,5
0524,AYACUCHO,5
0525,AYACUCHO,5
0526,AYACUCHO,5
0527,AYACUCHO,5
0528,AYACUCHO,5
0529,AYACUCHO,5
0530,AYACUCHO,5
0531,CAJAMARCA,6
0532,CAJAMARCA,6
0533,CAJAMARCA,6
0534,CAJAMARCA,6
0535,CAJAMARCA,6
0536,CAJAMARCA,6
0537,CAJAMARCA,6
0538,CAJAMARCA,6
0539,CAJAMARCA,6
0540,CAJAMARCA,6
0541,CAJAMARCA,6
0542,CAJAMARCA,6
0543,CAJAMARCA,6
0544,CAJAMARCA,6
0545,CAJAMARCA,6
0546,CAJAMARCA,6
0547,CAJAMARCA,6
0548,CAJAMARCA,6
0549,CAJAMARCA,6
0550,CAJAMARCA,6
0551,CAJAMARCA,6
0552,CAJAMARCA,6
0553,CAJAMARCA,6
0554,CAJAMARCA,6
0555,CAJAMARCA,6
0556,CAJAMARCA,6
0557,CAJAMARCA,6
0558,CAJAMARCA,6
0559,LA LIBERTAD,14
0560,CAJAMARCA,6
0561,CAJAMARCA,6
0562,CAJAMARCA,6
0563,CAJAMARCA,6
0564,CAJAMARCA,6
0565,CAJAMARCA,6
0566,CAJAMARCA,6
0567,CAJAMARCA,6
0568,CAJAMARCA,6
0569,CAJAMARCA,6
0570,CAJAMARCA,6
0571,CAJAMARCA,6
0572,CAJAMARCA,6
0573,CAJAMARCA,6
0574,CAJAMARCA,6
0575,CAJAMARCA,6
0576,CAJAMARCA,6
0577,CAJAMARCA,6
0578,CAJAMARCA,6
0579,CAJAMARCA,6
0580,CAJAMARCA,6
0581,CAJAMARCA,6
0582,CAJAMARCA,6
0583,CAJAMARCA,6
0584,CAJAMARCA,6
0585,CAJAMARCA,6
0586,CAJAMARCA,6
0587,CAJAMARCA,6
0588,CAJAMARCA,6
0589,CAJAMARCA,6
0590,CAJAMARCA,6
0591,CAJAMARCA,6
0592,CAJAMARCA,6
0593,CAJAMARCA,6
0594,CAJAMARCA,6
0595,CAJAMARCA,6
0596,CAJAMARCA,6
0597,CAJAMARCA,6
0598,CAJAMARCA,6
0599,CAJAMARCA,6
0600,CAJAMARCA,6
0601,CAJAMARCA,6
0602,CAJAMARCA,6
0603,CAJAMARCA,6
0604,CAJAMARCA,6
0605,CAJAMARCA,6
0606,CAJAMARCA,6
0607,CAJAMARCA,6
0608,CAJAMARCA,6
0609,CAJAMARCA,6
0610,CAJAMARCA,6
0611,CAJAMARCA,6
0612,CAJAMARCA,6
0613,CAJAMARCA,6
0614,CAJAMARCA,6
0615,CAJAMARCA,6
0616,CAJAMARCA,6
0617,CAJAMARCA,6
0618,CAJAMARCA,6
0619,CAJAMARCA,6
0620,CAJAMARCA,6
0621,CAJAMARCA,6
0622,CAJAMARCA,6
0623,CAJAMARCA,6
0624,CAJAMARCA,6
0625,CAJAMARCA,6
0626,CAJAMARCA,6
0627,CAJAMARCA,6
0628,CAJAMARCA,6
0629,CAJAMARCA,6
0630,CAJAMARCA,6
0631,CAJAMARCA,6
0632,CAJAMARCA,6
0633,CAJAMARCA,6
0634,CAJAMARCA,6
0635,CAJAMARCA,6
0636,CAJAMARCA,6
0637,CAJAMARCA,6
0638,CAJAMARCA,6
0639,CAJAMARCA,6
0640,CAJAMARCA,6
0641,CAJAMARCA,6
0642,CAJAMARCA,6
0643,CAJAMARCA,6
0644,CAJAMARCA,6
0645,CAJAMARCA,6
0646,CAJAMARCA,6
0647,CAJAMARCA,6
0648,CAJAMARCA,6
0649,CAJAMARCA,6
0650,CAJAMARCA,6
0651,CAJAMARCA,6
0652,CAJAMARCA,6
0653,CAJAMARCA,6
0654,CALLAO,7
0655,CALLAO,7
0656,CALLAO,7
0657,CALLAO,7
0658,CALLAO,7
0659,CALLAO,7
0660,CUZCO,9
0661,CUZCO,9
0662,CUZCO,9
0663,CUZCO,9
0664,CUZCO,9
0665,CUZCO,9
0666,CUZCO,9
0667,CUZCO,9
0668,CUZCO,9
0669,CUZCO,9
0670,CUZCO,9
0671,CUZCO,9
0672,CUZCO,9
0673,CUZCO,9
0674,CUZCO,9
0675,CUZCO,9
0676,CUZCO,9
0677,CUZCO,9
0678,CUZCO,9
0679,CUZCO,9
0680,CUZCO,9
0681,CUZCO,9
0682,CUZCO,9
0683,CUZCO,9
0684,CUZCO,9
0685,CUZCO,9
0686,CUZCO,9
0687,CUZCO,9
0688,CUZCO,9
0689,CUZCO,9
0690,CUZCO,9
0691,CUZCO,9
0692,CUZCO,9
0693,CUZCO,9
0694,CUZCO,9
0695,CUZCO,9
0696,CUZCO,9
0697,CUZCO,9
0698,CUZCO,9
0699,CUZCO,9
0700,CUZCO,9
0701,CUZCO,9
0702,CUZCO,9
0703,CUZCO,9
0704,CUZCO,9
0705,CUZCO,9
0706,CUZCO,9
0707,CUZCO,9
0708,CUZCO,9
0709,CUZCO,9
0710,CUZCO,9
0711,CUZCO,9
0712,CUZCO,9
0713,CUZCO,9
0714,CUZCO,9
0715,CUZCO,9
0716,CUZCO,9
0717,CUZCO,9
0718,CUZCO,9
0719,CUZCO,9
0720,CUZCO,9
0721,CUZCO,9
0722,CUZCO,9
0723,CUZCO,9
0724,CUZCO,9
0725,CUZCO,9
0726,CUZCO,9
0727,CUZCO,9
0728,CUZCO,9
0729,CUZCO,9
0730,CUZCO,9
0731,CUZCO,9
0732,CUZCO,9
0733,CUZCO,9
0734,CUZCO,9
0735,CUZCO,9
0736,CUZCO,9
0737,CUZCO,9
0738,CUZCO,9
0739,CUZCO,9
0740,CUZCO,9
0741,CUZCO,9
0742,CUZCO,9
0743,CUZCO,9
0744,CUZCO,9
0745,CUZCO,9
0746,CUZCO,9
0747,CUZCO,9
0748,CUZCO,9
0749,CUZCO,9
0750,CUZCO,9
0751,CUZCO,9
0752,CUZCO,9
0753,CUZCO,9
0754,CUZCO,9
0755,CUZCO,9
0756,CUZCO,9
0757,CUZCO,9
0758,CUZCO,9
0759,CUZCO,9
0760,CUZCO,9
0761,CUZCO,9
0762,CUZCO,9
0763,CUZCO,9
0764,CUZCO,9
0765,CUZCO,9
0766,HUANCAVELICA,10
0767,HUANCAVELICA,10
0768,HUANCAVELICA,10
0769,HUANCAVELICA,10
0770,HUANCAVELICA,10
0771,HUANCAVELICA,10
0772,HUANCAVELICA,10
0773,HUANCAVELICA,10
0774,HUANCAVELICA,10
0775,HUANCAVELICA,10
0776,HUANCAVELICA,10
0777,HUANCAVELICA,10
0778,HUANCAVELICA,10
0779,HUANCAVELICA,10
0780,HUANCAVELICA,10
0781,HUANCAVELICA,10
0782,HUANCAVELICA,10
0783,HUANCAVELICA,10
0784,HUANCAVELICA,10
0785,HUANCAVELICA,10
0786,HUANCAVELICA,10
0787,HUANCAVELICA,10
0788,HUANCAVELICA,10
0789,HUANCAVELICA,10
0790,HUANCAVELICA,10
0791,HUANCAVELICA,10
0792,HUANCAVELICA,10
0793,HUANCAVELICA,10
0794,HUANCAVELICA,10
0795,HUANCAVELICA,10
0796,HUANCAVELICA,10
0797,HUANCAVELICA,10
0798,HUANCAVELICA,10
0799,HUANCAVELICA,10
0800,HUANCAVELICA,10
0801,HUANCAVELICA,10
0802,HUANCAVELICA,10
0803,HUANCAVELICA,10
0804,HUANCAVELICA,10
0805,HUANCAVELICA,10
0806,HUANCAVELICA,10
0807,HUANCAVELICA,10
0808,HUANCAVELICA,10
0809,HUANCAVELICA,10
0810,HUANCAVELICA,10
0811,HUANCAVELICA,10
0812,HUANCAVELICA,10
0813,HUANCAVELICA,10
0814,HUANCAVELICA,10
0815,HUANCAVELICA,10
0816,HUANCAVELICA,10
0817,HUANCAVELICA,10
0818,HUANCAVELICA,10
0819,HUANCAVELICA,10
0820,HUANCAVELICA,10
0821,HUANCAVELICA,10
0822,HUANCAVELICA,10
0823,HUANCAVELICA,10
0824,HUANCAVELICA,10
0825,HUANCAVELICA,10
0826,HUANCAVELICA,10
0827,HUANCAVELICA,10
0828,HUANCAVELICA,10
0829,HUANCAVELICA,10
0830,HUANCAVELICA,10
0831,HUANCAVELICA,10
0832,HUANCAVELICA,10
0833,HUANCAVELICA,10
0834,HUANCAVELICA,10
0835,HUANCAVELICA,10
0836,HUANCAVELICA,10
0837,HUANCAVELICA,10
0838,HUANCAVELICA,10
0839,HUANCAVELICA,10
0840,HUANCAVELICA,10
0841,HUANCAVELICA,10
0842,HUANCAVELICA,10
0843,HUANCAVELICA,10
0844,HUANCAVELICA,10
0845,HUANCAVELICA,10
0846,HUANCAVELICA,10
0847,HUANCAVELICA,10
0848,HUANCAVELICA,10
0849,HUANCAVELICA,10
0850,HUANCAVELICA,10
0851,HUANCAVELICA,10
0852,HUANCAVELICA,10
0853,HUANCAVELICA,10
0854,HUANCAVELICA,10
0855,HUANCAVELICA,10
0856,HUANCAVELICA,10
0857,HUANCAVELICA,10
0858,HUANCAVELICA,10
0859,HUANUCO,11
0860,HUANUCO,11
0861,HUANUCO,11
0862,HUANUCO,11
0863,HUANUCO,11
0864,HUANUCO,11
0865,HUANUCO,11
0866,HUANUCO,11
0867,HUANUCO,11
0868,HUANUCO,11
0869,HUANUCO,11
0870,HUANUCO,11
0871,HUANUCO,11
0872,HUANUCO,11
0873,ANCASH,2
0874,HUANUCO,11
0875,HUANUCO,11
0876,HUANUCO,11
0877,HUANUCO,11
0878,HUANUCO,11
0879,HUANUCO,11
0880,HUANUCO,11
0881,HUANUCO,11
0882,HUANUCO,11
0883,HUANUCO,11
0884,HUANUCO,11
0885,HUANUCO,11
0886,HUANUCO,11
0887,HUANUCO,11
0888,HUANUCO,11
0889,HUANUCO,11
0890,HUANUCO,11
0891,HUANUCO,11
0892,HUANUCO,11
0893,HUANUCO,11
0894,HUANUCO,11
0895,HUANUCO,11
0896,HUANUCO,11
0897,HUANUCO,11
0898,HUANUCO,11
0899,HUANUCO,11
0900,HUANUCO,11
0901,HUANUCO,11
0902,HUANUCO,11
0903,HUANUCO,11
0904,HUANUCO,11
0905,HUANUCO,11
0906,HUANUCO,11
0907,HUANUCO,11
0908,HUANUCO,11
0909,HUANUCO,11
0910,HUANUCO,11
0911,HUANUCO,11
0912,HUANUCO,11
0913,HUANUCO,11
0914,HUANUCO,11
0915,HUANUCO,11
0916,HUANUCO,11
0917,HUANUCO,11
0918,HUANUCO,11
0919,HUANUCO,11
0920,HUANUCO,11
0921,AMAZONAS,1
0922,HUANUCO,11
0923,HUANUCO,11
0924,HUANUCO,11
0925,HUANUCO,11
0926,HUANUCO,11
0927,HUANUCO,11
0928,HUANUCO,11
0929,HUANUCO,11
0930,HUANUCO,11
0931,HUANUCO,11
0932,HUANUCO,11
0933,HUANUCO,11
0934,ICA,12
0935,ICA,12
0936,ICA,12
0937,ICA,12
0938,ICA,12
0939,ICA,12
0940,ICA,12
0941,ICA,12
0942,ICA,12
0943,ICA,12
0944,ICA,12
0945,ICA,12
0946,ICA,12
0947,ICA,12
0948,ICA,12
0949,ICA,12
0950,ICA,12
0951,ICA,12
0952,ICA,12
0953,ICA,12
0954,ICA,12
0955,ICA,12
0956,ICA,12
0957,ICA,12
0958,ICA,12
0959,ICA,12
0960,ICA,12
0961,ICA,12
0962,ICA,12
0963,ICA,12
0964,ICA,12
0965,ICA,12
0966,ICA,12
0967,ICA,12
0968,ICA,12
0969,ICA,12
0970,ICA,12
0971,ICA,12
0972,ICA,12
0973,ICA,12
0974,ICA,12
0975,ICA,12
0976,ICA,12
0977,JUNIN,13
0978,JUNIN,13
0979,JUNIN,13
0980,JUNIN,13
0981,JUNIN,13
0982,JUNIN,13
0983,JUNIN,13
0984,JUNIN,13
0985,JUNIN,13
0986,JUNIN,13
0987,JUNIN,13
0988,JUNIN,13
0989,JUNIN,13
0990,JUNIN,13
0991,JUNIN,13
0992,JUNIN,13
0993,JUNIN,13
0994,JUNIN,13
0995,JUNIN,13
0996,JUNIN,13
0997,JUNIN,13
0998,JUNIN,13
0999,JUNIN,13
1000,JUNIN,13
1001,JUNIN,13
1002,JUNIN,13
1003,JUNIN,13
1004,JUNIN,13
1005,JUNIN,13
1006,JUNIN,13
1007,JUNIN,13
1008,JUNIN,13
1009,JUNIN,13
1010,JUNIN,13
1011,JUNIN,13
1012,JUNIN,13
1013,JUNIN,13
1014,JUNIN,13
1015,JUNIN,13
1016,JUNIN,13
1017,JUNIN,13
1018,JUNIN,13
1019,JUNIN,13
1020,JUNIN,13
1021,JUNIN,13
1022,JUNIN,13
1023,JUNIN,13
1024,JUNIN,13
1025,JUNIN,13
1026,JUNIN,13
1027,JUNIN,13
1028,JUNIN,13
1029,JUNIN,13
1030,JUNIN,13
1031,JUNIN,13
1032,JUNIN,13
1033,JUNIN,13
1034,JUNIN,13
1035,JUNIN,13
1036,JUNIN,13
1037,JUNIN,13
1038,JUNIN,13
1039,JUNIN,13
1040,JUNIN,13
1041,JUNIN,13
1042,JUNIN,13
1043,JUNIN,13
1044,JUNIN,13
1045,JUNIN,13
1046,JUNIN,13
1047,JUNIN,13
1048,JUNIN,13
1049,JUNIN,13
1050,JUNIN,13
1051,JUNIN,13
1052,JUNIN,13
1053,JUNIN,13
1054,JUNIN,13
1055,JUNIN,13
1056,JUNIN,13
1057,JUNIN,13
1058,JUNIN,13
1059,JUNIN,13
1060,JUNIN,13
1061,JUNIN,13
1062,JUNIN,13
1063,JUNIN,13
1064,JUNIN,13
1065,JUNIN,13
1066,JUNIN,13
1067,JUNIN,13
1068,JUNIN,13
1069,JUNIN,13
1070,JUNIN,13
1071,JUNIN,13
1072,JUNIN,13
1073,JUNIN,13
1074,JUNIN,13
1075,JUNIN,13
1076,JUNIN,13
1077,JUNIN,13
1078,JUNIN,13
1079,JUNIN,13
1080,JUNIN,13
1081,JUNIN,13
1082,JUNIN,13
1083,JUNIN,13
1084,JUNIN,13
1085,JUNIN,13
1086,JUNIN,13
1087,JUNIN,13
1088,JUNIN,13
1089,JUNIN,13
1090,JUNIN,13
1091,JUNIN,13
1092,JUNIN,13
1093,JUNIN,13
1094,JUNIN,13
1095,JUNIN,13
1096,JUNIN,13
1097,JUNIN,13
1098,JUNIN,13
1099,JUNIN,13
1100,LA LIBERTAD,14
1101,LA LIBERTAD,14
1102,LA LIBERTAD,14
1103,LA LIBERTAD,14
1104,LA LIBERTAD,14
1105,LA LIBERTAD,14
1106,LA LIBERTAD,14
1107,LA LIBERTAD,14
1108,LA LIBERTAD,14
1109,LA LIBERTAD,14
1110,LA LIBERTAD,14
1111,LA LIBERTAD,14
1112,LA LIBERTAD,14
1113,LA LIBERTAD,14
1114,LA LIBERTAD,14
1115,LA LIBERTAD,14
1116,LA LIBERTAD,14
1117,LA LIBERTAD,14
1118,LA LIBERTAD,14
1119,LA LIBERTAD,14
1120,LA LIBERTAD,14
1121,LA LIBERTAD,14
1122,LA LIBERTAD,14
1123,LA LIBERTAD,14
1124,LA LIBERTAD,14
1125,LA LIBERTAD,14
1126,LA LIBERTAD,14
1127,LA LIBERTAD,14
1128,LA LIBERTAD,14
1129,LA LIBERTAD,14
1130,LA LIBERTAD,14
1131,LA LIBERTAD,14
1132,LA LIBERTAD,14
1133,LA LIBERTAD,14
1134,LA LIBERTAD,14
1135,LA LIBERTAD,14
1136,LA LIBERTAD,14
1137,LA LIBERTAD,14
1138,LA LIBERTAD,14
1139,LA LIBERTAD,14
1140,LA LIBERTAD,14
1141,LA LIBERTAD,14
1142,LA LIBERTAD,14
1143,LA LIBERTAD,14
1144,LA LIBERTAD,14
1145,LA LIBERTAD,14
1146,LA LIBERTAD,14
1147,LA LIBERTAD,14
1148,LA LIBERTAD,14
1149,LA LIBERTAD,14
1150,LA LIBERTAD,14
1151,LA LIBERTAD,14
1152,LA LIBERTAD,14
1153,LA LIBERTAD,14
1154,LA LIBERTAD,14
1155,LA LIBERTAD,14
1156,LA LIBERTAD,14
1157,LA LIBERTAD,14
1158,LA LIBERTAD,14
1159,LA LIBERTAD,14
1160,LA LIBERTAD,14
1161,LA LIBERTAD,14
1162,LA LIBERTAD,14
1163,LA LIBERTAD,14
1164,LA LIBERTAD,14
1165,LA LIBERTAD,14
1166,LA LIBERTAD,14
1167,LA LIBERTAD,14
1168,LA LIBERTAD,14
1169,LA LIBERTAD,14
1170,LA LIBERTAD,14
1171,LA LIBERTAD,14
1172,LA LIBERTAD,14
1173,LA LIBERTAD,14
1174,LA LIBERTAD,14
1175,LAMBAYEQUE,15
1176,LAMBAYEQUE,15
1177,LAMBAYEQUE,15
1178,LAMBAYEQUE,15
1179,LAMBAYEQUE,15
1180,LAMBAYEQUE,15
1181,LAMBAYEQUE,15
1182,LAMBAYEQUE,15
1183,LAMBAYEQUE,15
1184,LAMBAYEQUE,15
1185,LAMBAYEQUE,15
1186,LAMBAYEQUE,15
1187,LAMBAYEQUE,15
1188,LAMBAYEQUE,15
1189,LAMBAYEQUE,15
1190,LAMBAYEQUE,15
1191,LAMBAYEQUE,15
1192,LAMBAYEQUE,15
1193,LAMBAYEQUE,15
1194,LAMBAYEQUE,15
1195,LAMBAYEQUE,15
1196,LAMBAYEQUE,15
1197,LAMBAYEQUE,15
1198,LAMBAYEQUE,15
1199,LAMBAYEQUE,15
1200,LAMBAYEQUE,15
1201,LAMBAYEQUE,15
1202,LAMBAYEQUE,15
1203,LAMBAYEQUE,15
1204,LAMBAYEQUE,15
1205,LAMBAYEQUE,15
1206,LAMBAYEQUE,15
1207,LAMBAYEQUE,15
1208,LIMA PROV,20
1209,LIMA PROV,20
1210,LIMA PROV,20
1211,LIMA PROV,20
1212,LIMA PROV,20
1213,LIMA PROV,20
1214,LIMA PROV,20
1215,LIMA PROV,20
1216,LIMA PROV,20
1217,LIMA PROV,20
1218,LIMA PROV,20
1219,LIMA PROV,20
1220,LIMA PROV,20
1221,LIMA PROV,20
1222,LIMA PROV,20
1223,LIMA PROV,20
1224,LIMA PROV,20
1225,LIMA PROV,20
1226,LIMA PROV,20
1227,LIMA PROV,20
1228,LIMA PROV,20
1229,LIMA PROV,20
1230,LIMA PROV,20
1231,LIMA PROV,20
1232,LIMA PROV,20
1233,LIMA PROV,20
1234,LIMA PROV,20
1235,LIMA PROV,20
1236,LIMA PROV,20
1237,LIMA PROV,20
1238,LIMA PROV,20
1239,LIMA PROV,20
1240,LIMA PROV,20
1241,LIMA PROV,20
1242,LIMA PROV,20
1243,LIMA PROV,20
1244,LIMA PROV,20
1245,LIMA PROV,20
1246,LIMA PROV,20
1247,LIMA PROV,20
1248,LIMA PROV,20
1249,LIMA PROV,20
1250,LIMA PROV,20
1251,LIMA PROV,20
1252,LIMA PROV,20
1253,LIMA PROV,20
1254,LIMA PROV,20
1255,LIMA PROV,20
1256,LIMA PROV,20
1257,LIMA PROV,20
1258,LIMA PROV,20
1259,LIMA PROV,20
1260,LIMA PROV,20
1261,LIMA PROV,20
1262,LIMA PROV,20
1263,LIMA PROV,20
1264,LIMA PROV,20
1265,LIMA PROV,20
1266,LIMA PROV,20
1267,LIMA PROV,20
1268,LIMA PROV,20
1269,LIMA PROV,20
1270,LIMA PROV,20
1271,LIMA PROV,20
1272,LIMA PROV,20
1273,LIMA PROV,20
1274,LIMA PROV,20
1275,LIMA PROV,20
1276,LIMA PROV,20
1277,LIMA PROV,20
1278,LIMA PROV,20
1279,LIMA PROV,20
1280,LIMA PROV,20
1281,LIMA PROV,20
1282,LIMA PROV,20
1283,LIMA PROV,20
1284,LIMA PROV,20
1285,LIMA PROV,20
1286,LIMA PROV,20
1287,LIMA PROV,20
1288,LIMA PROV,20
1289,LIMA PROV,20
1290,LIMA PROV,20
1291,LIMA PROV,20
1292,LIMA PROV,20
1293,LIMA PROV,20
1294,LIMA PROV,20
1295,LIMA PROV,20
1296,LIMA PROV,20
1297,LIMA NORTE,19
1298,LIMA ESTE,17
1299,LIMA SUR,21
1300,LIMA CENTRO,16
1301,LIMA NORTE,19
1302,LIMA ESTE,17
1303,LIMA NORTE,19
1304,LIMA ESTE,17
1305,LIMA SUR,21
1306,LIMA ESTE,17
1307,LIMA NORTE,19
1308,LIMA MODERNA,18
1309,LIMA MODERNA,18
1310,LIMA CENTRO,16
1311,LIMA CENTRO,16
1312,LIMA MODERNA,18
1313,LIMA NORTE,19
1314,LIMA ESTE,17
1315,LIMA SUR,21
1316,LIMA MODERNA,18
1317,LIMA MODERNA,18
1318,LIMA MODERNA,18
1319,LIMA SUR,21
1320,LIMA SUR,21
1321,LIMA NORTE,19
1322,LIMA SUR,21
1323,LIMA SUR,21
1324,LIMA CENTRO,16
1325,LIMA SUR,21
1326,LIMA MODERNA,18
1327,LIMA MODERNA,18
1328,LIMA ESTE,17
1329,LIMA SUR,21
1330,LIMA CENTRO,16
1331,LIMA NORTE,19
1332,LIMA MODERNA,18
1333,LIMA SUR,21
1334,LIMA NORTE,19
1335,LIMA MODERNA,18
1336,LIMA MODERNA,18
1337,LIMA SUR,21
1338,LIMA SUR,21
1339,LIMA PROV,20
1340,LIMA PROV,20
1341,LIMA PROV,20
1342,LIMA PROV,20
1343,LIMA PROV,20
1344,LIMA PROV,20
1345,LIMA PROV,20
1346,LIMA PROV,20
1347,LIMA PROV,20
1348,LIMA PROV,20
1349,LIMA PROV,20
1350,LIMA PROV,20
1351,LIMA PROV,20
1352,LIMA PROV,20
1353,LIMA PROV,20
1354,LIMA PROV,20
1355,LIMA PROV,20
1356,LIMA PROV,20
1357,LIMA PROV,20
1358,LIMA PROV,20
1359,LIMA PROV,20
1360,LIMA PROV,20
1361,LIMA PROV,20
1362,LIMA PROV,20
1363,LIMA PROV,20
1364,LIMA PROV,20
1365,LIMA PROV,20
1366,LIMA PROV,20
1367,LIMA PROV,20
1368,LIMA PROV,20
1369,LIMA PROV,20
1370,LIMA PROV,20
1371,LIMA PROV,20
1372,LIMA PROV,20
1373,LIMA PROV,20
1374,LIMA PROV,20
1375,LIMA PROV,20
1376,LIMA PROV,20
1377,LIMA PROV,20
1378,LORETO,22
1379,LORETO,22
1380,LORETO,22
1381,LORETO,22
1382,LORETO,22
1383,LORETO,22
1384,LORETO,22
1385,LORETO,22
1386,LORETO,22
1387,LORETO,22
1388,LORETO,22
1389,LORETO,22
1390,LORETO,22
1391,LORETO,22
1392,LORETO,22
1393,LORETO,22
1394,LORETO,22
1395,LORETO,22
1396,LORETO,22
1397,LORETO,22
1398,LORETO,22
1399,LORETO,22
1400,LORETO,22
1401,LORETO,22
1402,LORETO,22
1403,LORETO,22
1404,LORETO,22
1405,LORETO,22
1406,LORETO,22
1407,LORETO,22
1408,LORETO,22
1409,LORETO,22
1410,LORETO,22
1411,LORETO,22
1412,LORETO,22
1413,LORETO,22
1414,LORETO,22
1415,LORETO,22
1416,LORETO,22
1417,LORETO,22
1418,LORETO,22
1419,LORETO,22
1420,LORETO,22
1421,LORETO,22
1422,LORETO,22
1423,MADRE DE DIOS,23
1424,MADRE DE DIOS,23
1425,MADRE DE DIOS,23
1426,MADRE DE DIOS,23
1427,MADRE DE DIOS,23
1428,MADRE DE DIOS,23
1429,MADRE DE DIOS,23
1430,MADRE DE DIOS,23
1431,MADRE DE DIOS,23
1432,MOQUEGUA,24
1433,MOQUEGUA,24
1434,MOQUEGUA,24
1435,MOQUEGUA,24
1436,MOQUEGUA,24
1437,MOQUEGUA,24
1438,MOQUEGUA,24
1439,MOQUEGUA,24
1440,MOQUEGUA,24
1441,MOQUEGUA,24
1442,MOQUEGUA,24
1443,MOQUEGUA,24
1444,MOQUEGUA,24
1445,MOQUEGUA,24
1446,MOQUEGUA,24
1447,MOQUEGUA,24
1448,MOQUEGUA,24
1449,MOQUEGUA,24
1450,MOQUEGUA,24
1451,MOQUEGUA,24
1452,CERRO DE PASCO,8
1453,CERRO DE PASCO,8
1454,CERRO DE PASCO,8
1455,CERRO DE PASCO,8
1456,CERRO DE PASCO,8
1457,CERRO DE PASCO,8
1458,CERRO DE PASCO,8
1459,CERRO DE PASCO,8
1460,CERRO DE PASCO,8
1461,CERRO DE PASCO,8
1462,CERRO DE PASCO,8
1463,CERRO DE PASCO,8
1464,CERRO DE PASCO,8
1465,CERRO DE PASCO,8
1466,CERRO DE PASCO,8
1467,CERRO DE PASCO,8
1468,CERRO DE PASCO,8
1469,CERRO DE PASCO,8
1470,CERRO DE PASCO,8
1471,CERRO DE PASCO,8
1472,CERRO DE PASCO,8
1473,CERRO DE PASCO,8
1474,CERRO DE PASCO,8
1475,CERRO DE PASCO,8
1476,CERRO DE PASCO,8
1477,CERRO DE PASCO,8
1478,CERRO DE PASCO,8
1479,CERRO DE PASCO,8
1480,CERRO DE PASCO,8
1481,PIURA,25
1482,PIURA,25
1483,PIURA,25
1484,PIURA,25
1485,PIURA,25
1486,PIURA,25
1487,PIURA,25
1488,PIURA,25
1489,PIURA,25
1490,PIURA,25
1491,PIURA,25
1492,PIURA,25
1493,PIURA,25
1494,PIURA,25
1495,PIURA,25
1496,PIURA,25
1497,PIURA,25
1498,PIURA,25
1499,PIURA,25
1500,PIURA,25
1501,PIURA,25
1502,PIURA,25
1503,PIURA,25
1504,PIURA,25
1505,PIURA,25
1506,PIURA,25
1507,PIURA,25
1508,PIURA,25
1509,PIURA,25
1510,PIURA,25
1511,PIURA,25
1512,PIURA,25
1513,PIURA,25
1514,PIURA,25
1515,PIURA,25
1516,PIURA,25
1517,PIURA,25
1518,PIURA,25
1519,PIURA,25
1520,PIURA,25
1521,PIURA,25
1522,PIURA,25
1523,PIURA,25
1524,PIURA,25
1525,PIURA,25
1526,PIURA,25
1527,PIURA,25
1528,PIURA,25
1529,PIURA,25
1530,PIURA,25
1531,PIURA,25
1532,PIURA,25
1533,PIURA,25
1534,PIURA,25
1535,PIURA,25
1536,PIURA,25
1537,PIURA,25
1538,PIURA,25
1540,PIURA,25
1541,PIURA,25
1542,PIURA,25
1543,PIURA,25
1544,PIURA,25
1545,PIURA,25
1546,PUNO,26
1547,PUNO,26
1548,PUNO,26
1549,PUNO,26
1550,PUNO,26
1551,PUNO,26
1552,PUNO,26
1553,PUNO,26
1554,PUNO,26
1555,PUNO,26
1556,PUNO,26
1557,PUNO,26
1558,PUNO,26
1559,PUNO,26
1560,PUNO,26
1561,PUNO,26
1562,PUNO,26
1563,PUNO,26
1564,PUNO,26
1565,PUNO,26
1566,PUNO,26
1567,PUNO,26
1568,PUNO,26
1569,PUNO,26
1570,PUNO,26
1571,PUNO,26
1572,PUNO,26
1573,PUNO,26
1574,PUNO,26
1575,PUNO,26
1576,PUNO,26
1577,PUNO,26
1578,PUNO,26
1579,PUNO,26
1580,PUNO,26
1581,PUNO,26
1582,PUNO,26
1583,PUNO,26
1584,PUNO,26
1585,PUNO,26
1586,PUNO,26
1587,PUNO,26
1588,PUNO,26
1589,PUNO,26
1590,PUNO,26
1591,PUNO,26
1592,PUNO,26
1593,PUNO,26
1594,PUNO,26
1595,PUNO,26
1596,PUNO,26
1597,PUNO,26
1598,PUNO,26
1599,PUNO,26
1600,PUNO,26
1601,PUNO,26
1602,PUNO,26
1603,PUNO,26
1604,PUNO,26
1605,PUNO,26
1606,PUNO,26
1607,PUNO,26
1608,PUNO,26
1609,PUNO,26
1610,PUNO,26
1611,PUNO,26
1612,PUNO,26
1613,PUNO,26
1614,PUNO,26
1615,PUNO,26
1616,PUNO,26
1617,PUNO,26
1618,PUNO,26
1619,PUNO,26
1620,PUNO,26
1621,PUNO,26
1622,PUNO,26
1623,PUNO,26
1624,PUNO,26
1625,PUNO,26
1626,PUNO,26
1627,PUNO,26
1628,PUNO,26
1629,PUNO,26
1630,PUNO,26
1631,PUNO,26
1632,PUNO,26
1633,PUNO,26
1634,PUNO,26
1635,PUNO,26
1636,PUNO,26
1637,PUNO,26
1638,PUNO,26
1639,PUNO,26
1640,PUNO,26
1641,PUNO,26
1642,PUNO,26
1643,PUNO,26
1644,PUNO,26
1645,PUNO,26
1646,PUNO,26
1647,PUNO,26
1648,PUNO,26
1649,PUNO,26
1650,SAN MARTIN,27
1651,SAN MARTIN,27
1652,SAN MARTIN,27
1653,SAN MARTIN,27
1654,SAN MARTIN,27
1655,SAN MARTIN,27
1656,SAN MARTIN,27
1657,SAN MARTIN,27
1658,SAN MARTIN,27
1659,SAN MARTIN,27
1660,SAN MARTIN,27
1661,SAN MARTIN,27
1662,SAN MARTIN,27
1663,SAN MARTIN,27
1664,SAN MARTIN,27
1665,SAN MARTIN,27
1666,SAN MARTIN,27
1667,SAN MARTIN,27
1668,SAN MARTIN,27
1669,SAN MARTIN,27
1670,SAN MARTIN,27
1671,SAN MARTIN,27
1672,SAN MARTIN,27
1673,SAN MARTIN,27
1674,SAN MARTIN,27
1675,SAN MARTIN,27
1676,SAN MARTIN,27
1677,SAN MARTIN,27
1678,SAN MARTIN,27
1679,SAN MARTIN,27
1680,SAN MARTIN,27
1681,SAN MARTIN,27
1682,SAN MARTIN,27
1683,SAN MARTIN,27
1684,SAN MARTIN,27
1685,SAN MARTIN,27
1686,SAN MARTIN,27
1687,SAN MARTIN,27
1688,SAN MARTIN,27
1689,SAN MARTIN,27
1690,SAN MARTIN,27
1691,SAN MARTIN,27
1692,SAN MARTIN,27
1693,SAN MARTIN,27
1694,SAN MARTIN,27
1695,SAN MARTIN,27
1696,SAN MARTIN,27
1697,SAN MARTIN,27
1698,SAN MARTIN,27
1699,SAN MARTIN,27
1700,SAN MARTIN,27
1701,SAN MARTIN,27
1702,SAN MARTIN,27
1703,SAN MARTIN,27
1704,SAN MARTIN,27
1705,SAN MARTIN,27
1706,SAN MARTIN,27
1707,SAN MARTIN,27
1708,SAN MARTIN,27
1709,SAN MARTIN,27
1710,SAN MARTIN,27
1711,SAN MARTIN,27
1712,SAN MARTIN,27
1713,SAN MARTIN,27
1714,SAN MARTIN,27
1715,SAN MARTIN,27
1716,SAN MARTIN,27
1717,SAN MARTIN,27
1718,SAN MARTIN,27
1719,SAN MARTIN,27
1720,SAN MARTIN,27
1721,SAN MARTIN,27
1722,SAN MARTIN,27
1723,SAN MARTIN,27
1724,SAN MARTIN,27
1725,SAN MARTIN,27
1726,SAN MARTIN,27
1727,TACNA,28
1728,TACNA,28
1729,TACNA,28
1730,TACNA,28
1731,TACNA,28
1732,TACNA,28
1733,TACNA,28
1734,TACNA,28
1735,TACNA,28
1736,TACNA,28
1737,TACNA,28
1738,TACNA,28
1739,TACNA,28
1740,TACNA,28
1741,TACNA,28
1742,TACNA,28
1743,TACNA,28
1744,TACNA,28
1745,TACNA,28
1746,TACNA,28
1747,TACNA,28
1748,TACNA,28
1749,TACNA,28
1750,TACNA,28
1751,TACNA,28
1752,TUMBES,29
1753,TUMBES,29
1754,TUMBES,29
1755,TUMBES,29
1756,TUMBES,29
1757,TUMBES,29
1758,TUMBES,29
1759,TUMBES,29
1760,TUMBES,29
1761,TUMBES,29
1762,TUMBES,29
1763,TUMBES,29
1764,UCAYALI,30
1765,UCAYALI,30
1766,UCAYALI,30
1767,UCAYALI,30
1768,UCAYALI,30
1769,UCAYALI,30
1770,UCAYALI,30
1771,UCAYALI,30
1772,UCAYALI,30
1773,UCAYALI,30
1774,UCAYALI,30
1775,UCAYALI,30
1777,JUNIN,13
1778,UCAYALI,30
1779,LIMA PROV,20
1780,HUANUCO,11
1781,AREQUIPA,4
1782,LIMA ESTE,17
1783,AREQUIPA,4
1784,AREQUIPA,4
1785,CAJAMARCA,6
1786,TACNA,28
1787,AMAZONAS,1
1788,LORETO,22
1789,LORETO,22
1790,HUANUCO,11
1791,HUANUCO,11
1792,HUANUCO,11
1793,CUZCO,9
1794,ANCASH,2
1795,ANCASH,2
1796,AYACUCHO,5
1797,HUANUCO,11
1798,JUNIN,13
1799,LA LIBERTAD,14
1800,LA LIBERTAD,14
1801,LAMBAYEQUE,15
1802,LAMBAYEQUE,15
1803,LAMBAYEQUE,15
1804,LAMBAYEQUE,15
1805,LAMBAYEQUE,15
1806,LAMBAYEQUE,15
1807,TACNA,28
1808,CUZCO,9
1809,UCAYALI,30
1810,AYACUCHO,5
1811,AYACUCHO,5
1812,TUMBES,29
1813,CUZCO,9
1814,AYACUCHO,5
1815,JUNIN,13
1816,AREQUIPA,4
1817,HUANCAVELICA,10
1818,HUANCAVELICA,10
1819,HUANUCO,11
1820,HUANUCO,11
1821,LA LIBERTAD,14
1822,LORETO,22
1823,LORETO,22
1824,MADRE DE DIOS,23
1825,CERRO DE PASCO,8
1826,PUNO,26
1827,CUZCO,9
1828,CUZCO,9
1829,APURIMAC,3
1830,ANCASH,2
1831,APURIMAC,3
1832,APURIMAC,3
1833,APURIMAC,3
1834,APURIMAC,3
1835,APURIMAC,3
1836,APURIMAC,3
1837,APURIMAC,3
1838,APURIMAC,3
1839,APURIMAC,3
1840,APURIMAC,3
1841,AYACUCHO,5
1842,AYACUCHO,5
1843,AYACUCHO,5
1844,AYACUCHO,5
1845,AYACUCHO,5
1846,AYACUCHO,5
1847,AYACUCHO,5
1848,AYACUCHO,5
1849,CAJAMARCA,6
1850,CAJAMARCA,6
1851,CAJAMARCA,6
1852,CAJAMARCA,6
1853,CAJAMARCA,6
1854,CALLAO,7
1855,CUZCO,9
1856,CUZCO,9
1857,CUZCO,9
1858,CUZCO,9
1859,HUANCAVELICA,10
1860,HUANCAVELICA,10
1861,HUANCAVELICA,10
1862,HUANCAVELICA,10
1863,HUANCAVELICA,10
1864,HUANUCO,11
1865,HUANUCO,11
1866,HUANUCO,11
1867,HUANUCO,11
1868,HUANUCO,11
1869,HUANUCO,11
1870,HUANUCO,11
1871,HUANUCO,11
1872,LA LIBERTAD,14
1873,LA LIBERTAD,14
1874,LA LIBERTAD,14
1875,LORETO,22
1876,LORETO,22
1877,LORETO,22
1878,LORETO,22
1879,MADRE DE DIOS,23
1880,PIURA,25
1881,PUNO,26
1882,PUNO,26
1883,PUNO,26
1884,PUNO,26
1885,PUNO,26
1886,TACNA,28
1887,UCAYALI,30
1888,UCAYALI,30
1889,UCAYALI,30
1890,UCAYALI,30
1891,,0
1892,,0
1893,,0
1894,,0
1895,,0
1896,,0
1897,,0
1898,,0
1899,,0
1900,,0
1901,,0
1902,,0
1903,,0
1904,,0
1905,,0
1906,,0
1907,,0
1908,,0
1909,,0
1910,,0
1911,,0
1912,,0
1913,,0
1914,,0
1915,,0
1916,,0
1917,,0
1918,,0
1919,,0
1920,,0
1921,,0
1922,,0
1923,,0
1924,,0
1925,,0
1926,,0
1927,,0
1928,,0
1929,,0
1930,,0
1931,,0
1932,,0
1933,,0
1934,,0
1935,,0
1936,,0
1937,,0
1938,,0
1939,,0
1940,,0
1941,,0
1942,,0
1943,,0
1944,,0
1945,,0
1946,,0
1947,,0
1948,,0
1949,,0
1950,,0
1951,,0
1952,,0
1953,,0
1954,,0
1955,,0
1956,,0
1957,,0
1958,,0
1959,,0
1960,,0
1961,,0
1962,,0
1963,,0
1964,,0
1965,,0
1966,,0
1967,,0
1968,,0
1969,,0
1970,,0
