﻿codproducto,Banca,Rating,CodMoneda,SpreadComercial
CFZ1AJ,C,A,PEN,0.020225
CFZ1AT,C,A,PEN,0.020225
CFZ1CE,C,A,PEN,0.020507692
CFZ1DJ,C,A,PEN,0.02163125
CFZ1DT,C,A,PEN,0.02163125
CFZ1LE,C,A,PEN,0.02163125
CFZ1UG,C,A,PEN,0.020225
CFZ1UJ,C,A,PEN,0.020507692
CFZ1UT,C,A,PEN,0.020507692
CFZADJ,C,A,PEN,0.02163125
CFZADT,C,A,PEN,0.02163125
CFZALE,C,A,PEN,0.02163125
CFZCLE,C,A,PEN,0.020507692
CFZCUJ,C,A,PEN,0.020507692
CFZCUT,C,A,PEN,0.020507692
CFZMPL,C,A,PEN,0.020225
CFZPAJ,C,A,PEN,0.020225
CFZPAT,C,A,PEN,0.020225
CFZSUE,C,A,PEN,0.020225
CFZSUG,C,A,PEN,0.020225
CFZ1AJ,C,A,USD,0.020225
CFZ1AT,C,A,USD,0.020225
CFZ1CE,C,A,USD,0.020507692
CFZ1DJ,C,A,USD,0.02163125
CFZ1DT,C,A,USD,0.02163125
CFZ1LE,C,A,USD,0.02163125
CFZ1UG,C,A,USD,0.020225
CFZ1UJ,C,A,USD,0.020507692
CFZ1UT,C,A,USD,0.020507692
CFZADJ,C,A,USD,0.02163125
CFZADT,C,A,USD,0.02163125
CFZALE,C,A,USD,0.02163125
CFZCLE,C,A,USD,0.020507692
CFZCUJ,C,A,USD,0.020507692
CFZCUT,C,A,USD,0.020507692
CFZMPL,C,A,USD,0.020225
CFZPAJ,C,A,USD,0.020225
CFZPAT,C,A,USD,0.020225
CFZSUE,C,A,USD,0.020225
CFZSUG,C,A,USD,0.020225
CFZ1AJ,E,A,PEN,0.023125
CFZ1AT,E,A,PEN,0.023125
CFZ1CE,E,A,PEN,0.0220625
CFZ1DJ,E,A,PEN,0.0242
CFZ1DT,E,A,PEN,0.0242
CFZ1LE,E,A,PEN,0.0242
CFZ1UG,E,A,PEN,0.023125
CFZ1UJ,E,A,PEN,0.0220625
CFZ1UT,E,A,PEN,0.0220625
CFZADJ,E,A,PEN,0.0242
CFZADT,E,A,PEN,0.0242
CFZALE,E,A,PEN,0.0242
CFZCLE,E,A,PEN,0.0220625
CFZCUJ,E,A,PEN,0.0220625
CFZCUT,E,A,PEN,0.0220625
CFZMPL,E,A,PEN,0.023125
CFZPAJ,E,A,PEN,0.023125
CFZPAT,E,A,PEN,0.023125
CFZSUE,E,A,PEN,0.023125
CFZSUG,E,A,PEN,0.023125
CFZ1AJ,E,A,USD,0.023125
CFZ1AT,E,A,USD,0.023125
CFZ1CE,E,A,USD,0.0220625
CFZ1DJ,E,A,USD,0.0242
CFZ1DT,E,A,USD,0.0242
CFZ1LE,E,A,USD,0.0242
CFZ1UG,E,A,USD,0.023125
CFZ1UJ,E,A,USD,0.0220625
CFZ1UT,E,A,USD,0.0220625
CFZADJ,E,A,USD,0.0242
CFZADT,E,A,USD,0.0242
CFZALE,E,A,USD,0.0242
CFZCLE,E,A,USD,0.0220625
CFZCUJ,E,A,USD,0.0220625
CFZCUT,E,A,USD,0.0220625
CFZMPL,E,A,USD,0.023125
CFZPAJ,E,A,USD,0.023125
CFZPAT,E,A,USD,0.023125
CFZSUE,E,A,USD,0.023125
CFZSUG,E,A,USD,0.023125
CFZ1AJ,C,AA,PEN,0.016916667
CFZ1AT,C,AA,PEN,0.016916667
CFZ1CE,C,AA,PEN,0.017230769
CFZ1DJ,C,AA,PEN,0.0199625
CFZ1DT,C,AA,PEN,0.0199625
CFZ1LE,C,AA,PEN,0.0199625
CFZ1UG,C,AA,PEN,0.016916667
CFZ1UJ,C,AA,PEN,0.017230769
CFZ1UT,C,AA,PEN,0.017230769
CFZADJ,C,AA,PEN,0.0199625
CFZADT,C,AA,PEN,0.0199625
CFZALE,C,AA,PEN,0.0199625
CFZCLE,C,AA,PEN,0.017230769
CFZCUJ,C,AA,PEN,0.017230769
CFZCUT,C,AA,PEN,0.017230769
CFZMPL,C,AA,PEN,0.016916667
CFZPAJ,C,AA,PEN,0.016916667
CFZPAT,C,AA,PEN,0.016916667
CFZSUE,C,AA,PEN,0.016916667
CFZSUG,C,AA,PEN,0.016916667
CFZ1AJ,C,AA,USD,0.016916667
CFZ1AT,C,AA,USD,0.016916667
CFZ1CE,C,AA,USD,0.017230769
CFZ1DJ,C,AA,USD,0.0199625
CFZ1DT,C,AA,USD,0.0199625
CFZ1LE,C,AA,USD,0.0199625
CFZ1UG,C,AA,USD,0.016916667
CFZ1UJ,C,AA,USD,0.017230769
CFZ1UT,C,AA,USD,0.017230769
CFZADJ,C,AA,USD,0.0199625
CFZADT,C,AA,USD,0.0199625
CFZALE,C,AA,USD,0.0199625
CFZCLE,C,AA,USD,0.017230769
CFZCUJ,C,AA,USD,0.017230769
CFZCUT,C,AA,USD,0.017230769
CFZMPL,C,AA,USD,0.016916667
CFZPAJ,C,AA,USD,0.016916667
CFZPAT,C,AA,USD,0.016916667
CFZSUE,C,AA,USD,0.016916667
CFZSUG,C,AA,USD,0.016916667
CFZ1AJ,E,AA,PEN,0.02125
CFZ1AT,E,AA,PEN,0.02125
CFZ1CE,E,AA,PEN,0.020125
CFZ1DJ,E,AA,PEN,0.022
CFZ1DT,E,AA,PEN,0.022
CFZ1LE,E,AA,PEN,0.022
CFZ1UG,E,AA,PEN,0.02125
CFZ1UJ,E,AA,PEN,0.020125
CFZ1UT,E,AA,PEN,0.020125
CFZADJ,E,AA,PEN,0.022
CFZADT,E,AA,PEN,0.022
CFZALE,E,AA,PEN,0.022
CFZCLE,E,AA,PEN,0.020125
CFZCUJ,E,AA,PEN,0.020125
CFZCUT,E,AA,PEN,0.020125
CFZMPL,E,AA,PEN,0.02125
CFZPAJ,E,AA,PEN,0.02125
CFZPAT,E,AA,PEN,0.02125
CFZSUE,E,AA,PEN,0.02125
CFZSUG,E,AA,PEN,0.02125
CFZ1AJ,E,AA,USD,0.02125
CFZ1AT,E,AA,USD,0.02125
CFZ1CE,E,AA,USD,0.020125
CFZ1DJ,E,AA,USD,0.022
CFZ1DT,E,AA,USD,0.022
CFZ1LE,E,AA,USD,0.022
CFZ1UG,E,AA,USD,0.02125
CFZ1UJ,E,AA,USD,0.020125
CFZ1UT,E,AA,USD,0.020125
CFZADJ,E,AA,USD,0.022
CFZADT,E,AA,USD,0.022
CFZALE,E,AA,USD,0.022
CFZCLE,E,AA,USD,0.020125
CFZCUJ,E,AA,USD,0.020125
CFZCUT,E,AA,USD,0.020125
CFZMPL,E,AA,USD,0.02125
CFZPAJ,E,AA,USD,0.02125
CFZPAT,E,AA,USD,0.02125
CFZSUE,E,AA,USD,0.02125
CFZSUG,E,AA,USD,0.02125
CFZ1AJ,C,AAA,PEN,0.0103
CFZ1AT,C,AAA,PEN,0.0103
CFZ1CE,C,AAA,PEN,0.010676923
CFZ1DJ,C,AAA,PEN,0.016625
CFZ1DT,C,AAA,PEN,0.016625
CFZ1LE,C,AAA,PEN,0.016625
CFZ1UG,C,AAA,PEN,0.0103
CFZ1UJ,C,AAA,PEN,0.010676923
CFZ1UT,C,AAA,PEN,0.010676923
CFZADJ,C,AAA,PEN,0.016625
CFZADT,C,AAA,PEN,0.016625
CFZALE,C,AAA,PEN,0.016625
CFZCLE,C,AAA,PEN,0.010676923
CFZCUJ,C,AAA,PEN,0.010676923
CFZCUT,C,AAA,PEN,0.010676923
CFZMPL,C,AAA,PEN,0.0103
CFZPAJ,C,AAA,PEN,0.0103
CFZPAT,C,AAA,PEN,0.0103
CFZSUE,C,AAA,PEN,0.0103
CFZSUG,C,AAA,PEN,0.0103
CFZ1AJ,C,AAA,USD,0.0103
CFZ1AT,C,AAA,USD,0.0103
CFZ1CE,C,AAA,USD,0.010676923
CFZ1DJ,C,AAA,USD,0.016625
CFZ1DT,C,AAA,USD,0.016625
CFZ1LE,C,AAA,USD,0.016625
CFZ1UG,C,AAA,USD,0.0103
CFZ1UJ,C,AAA,USD,0.010676923
CFZ1UT,C,AAA,USD,0.010676923
CFZADJ,C,AAA,USD,0.016625
CFZADT,C,AAA,USD,0.016625
CFZALE,C,AAA,USD,0.016625
CFZCLE,C,AAA,USD,0.010676923
CFZCUJ,C,AAA,USD,0.010676923
CFZCUT,C,AAA,USD,0.010676923
CFZMPL,C,AAA,USD,0.0103
CFZPAJ,C,AAA,USD,0.0103
CFZPAT,C,AAA,USD,0.0103
CFZSUE,C,AAA,USD,0.0103
CFZSUG,C,AAA,USD,0.0103
CFZ1AJ,E,AAA,PEN,0.0175
CFZ1AT,E,AAA,PEN,0.0175
CFZ1CE,E,AAA,PEN,0.01625
CFZ1DJ,E,AAA,PEN,0.0176
CFZ1DT,E,AAA,PEN,0.0176
CFZ1LE,E,AAA,PEN,0.0176
CFZ1UG,E,AAA,PEN,0.0175
CFZ1UJ,E,AAA,PEN,0.01625
CFZ1UT,E,AAA,PEN,0.01625
CFZADJ,E,AAA,PEN,0.0176
CFZADT,E,AAA,PEN,0.0176
CFZALE,E,AAA,PEN,0.0176
CFZCLE,E,AAA,PEN,0.01625
CFZCUJ,E,AAA,PEN,0.01625
CFZCUT,E,AAA,PEN,0.01625
CFZMPL,E,AAA,PEN,0.0175
CFZPAJ,E,AAA,PEN,0.0175
CFZPAT,E,AAA,PEN,0.0175
CFZSUE,E,AAA,PEN,0.0175
CFZSUG,E,AAA,PEN,0.0175
CFZ1AJ,E,AAA,USD,0.0175
CFZ1AT,E,AAA,USD,0.0175
CFZ1CE,E,AAA,USD,0.01625
CFZ1DJ,E,AAA,USD,0.0176
CFZ1DT,E,AAA,USD,0.0176
CFZ1LE,E,AAA,USD,0.0176
CFZ1UG,E,AAA,USD,0.0175
CFZ1UJ,E,AAA,USD,0.01625
CFZ1UT,E,AAA,USD,0.01625
CFZADJ,E,AAA,USD,0.0176
CFZADT,E,AAA,USD,0.0176
CFZALE,E,AAA,USD,0.0176
CFZCLE,E,AAA,USD,0.01625
CFZCUJ,E,AAA,USD,0.01625
CFZCUT,E,AAA,USD,0.01625
CFZMPL,E,AAA,USD,0.0175
CFZPAJ,E,AAA,USD,0.0175
CFZPAT,E,AAA,USD,0.0175
CFZSUE,E,AAA,USD,0.0175
CFZSUG,E,AAA,USD,0.0175
CFZ1AJ,C,AAA-,PEN,0.013608333
CFZ1AT,C,AAA-,PEN,0.013608333
CFZ1CE,C,AAA-,PEN,0.013953846
CFZ1DJ,C,AAA-,PEN,0.01829375
CFZ1DT,C,AAA-,PEN,0.01829375
CFZ1LE,C,AAA-,PEN,0.01829375
CFZ1UG,C,AAA-,PEN,0.013608333
CFZ1UJ,C,AAA-,PEN,0.013953846
CFZ1UT,C,AAA-,PEN,0.013953846
CFZADJ,C,AAA-,PEN,0.01829375
CFZADT,C,AAA-,PEN,0.01829375
CFZALE,C,AAA-,PEN,0.01829375
CFZCLE,C,AAA-,PEN,0.013953846
CFZCUJ,C,AAA-,PEN,0.013953846
CFZCUT,C,AAA-,PEN,0.013953846
CFZMPL,C,AAA-,PEN,0.013608333
CFZPAJ,C,AAA-,PEN,0.013608333
CFZPAT,C,AAA-,PEN,0.013608333
CFZSUE,C,AAA-,PEN,0.013608333
CFZSUG,C,AAA-,PEN,0.013608333
CFZ1AJ,C,AAA-,USD,0.013608333
CFZ1AT,C,AAA-,USD,0.013608333
CFZ1CE,C,AAA-,USD,0.013953846
CFZ1DJ,C,AAA-,USD,0.01829375
CFZ1DT,C,AAA-,USD,0.01829375
CFZ1LE,C,AAA-,USD,0.01829375
CFZ1UG,C,AAA-,USD,0.013608333
CFZ1UJ,C,AAA-,USD,0.013953846
CFZ1UT,C,AAA-,USD,0.013953846
CFZADJ,C,AAA-,USD,0.01829375
CFZADT,C,AAA-,USD,0.01829375
CFZALE,C,AAA-,USD,0.01829375
CFZCLE,C,AAA-,USD,0.013953846
CFZCUJ,C,AAA-,USD,0.013953846
CFZCUT,C,AAA-,USD,0.013953846
CFZMPL,C,AAA-,USD,0.013608333
CFZPAJ,C,AAA-,USD,0.013608333
CFZPAT,C,AAA-,USD,0.013608333
CFZSUE,C,AAA-,USD,0.013608333
CFZSUG,C,AAA-,USD,0.013608333
CFZ1AJ,E,AAA-,PEN,0.019375
CFZ1AT,E,AAA-,PEN,0.019375
CFZ1CE,E,AAA-,PEN,0.0181875
CFZ1DJ,E,AAA-,PEN,0.0198
CFZ1DT,E,AAA-,PEN,0.0198
CFZ1LE,E,AAA-,PEN,0.0198
CFZ1UG,E,AAA-,PEN,0.019375
CFZ1UJ,E,AAA-,PEN,0.0181875
CFZ1UT,E,AAA-,PEN,0.0181875
CFZADJ,E,AAA-,PEN,0.0198
CFZADT,E,AAA-,PEN,0.0198
CFZALE,E,AAA-,PEN,0.0198
CFZCLE,E,AAA-,PEN,0.0181875
CFZCUJ,E,AAA-,PEN,0.0181875
CFZCUT,E,AAA-,PEN,0.0181875
CFZMPL,E,AAA-,PEN,0.019375
CFZPAJ,E,AAA-,PEN,0.019375
CFZPAT,E,AAA-,PEN,0.019375
CFZSUE,E,AAA-,PEN,0.019375
CFZSUG,E,AAA-,PEN,0.019375
CFZ1AJ,E,AAA-,USD,0.019375
CFZ1AT,E,AAA-,USD,0.019375
CFZ1CE,E,AAA-,USD,0.0181875
CFZ1DJ,E,AAA-,USD,0.0198
CFZ1DT,E,AAA-,USD,0.0198
CFZ1LE,E,AAA-,USD,0.0198
CFZ1UG,E,AAA-,USD,0.019375
CFZ1UJ,E,AAA-,USD,0.0181875
CFZ1UT,E,AAA-,USD,0.0181875
CFZADJ,E,AAA-,USD,0.0198
CFZADT,E,AAA-,USD,0.0198
CFZALE,E,AAA-,USD,0.0198
CFZCLE,E,AAA-,USD,0.0181875
CFZCUJ,E,AAA-,USD,0.0181875
CFZCUT,E,AAA-,USD,0.0181875
CFZMPL,E,AAA-,USD,0.019375
CFZPAJ,E,AAA-,USD,0.019375
CFZPAT,E,AAA-,USD,0.019375
CFZSUE,E,AAA-,USD,0.019375
CFZSUG,E,AAA-,USD,0.019375
CFZ1AJ,C,AAA+,PEN,0.008645833
CFZ1AT,C,AAA+,PEN,0.008645833
CFZ1CE,C,AAA+,PEN,0.0074
CFZ1UG,C,AAA+,PEN,0.008645833
CFZ1UJ,C,AAA+,PEN,0.0074
CFZ1UT,C,AAA+,PEN,0.0074
CFZCLE,C,AAA+,PEN,0.0074
CFZCUJ,C,AAA+,PEN,0.0074
CFZCUT,C,AAA+,PEN,0.0074
CFZMPL,C,AAA+,PEN,0.008645833
CFZPAJ,C,AAA+,PEN,0.008645833
CFZPAT,C,AAA+,PEN,0.008645833
CFZSUE,C,AAA+,PEN,0.008645833
CFZSUG,C,AAA+,PEN,0.008645833
CFZ1AJ,C,AAA+,USD,0.008645833
CFZ1AT,C,AAA+,USD,0.008645833
CFZ1CE,C,AAA+,USD,0.0074
CFZ1DJ,C,AAA+,USD,0.01495625
CFZ1DT,C,AAA+,USD,0.01495625
CFZ1LE,C,AAA+,USD,0.01495625
CFZ1UG,C,AAA+,USD,0.008645833
CFZ1UJ,C,AAA+,USD,0.0074
CFZ1UT,C,AAA+,USD,0.0074
CFZADJ,C,AAA+,USD,0.01495625
CFZADT,C,AAA+,USD,0.01495625
CFZALE,C,AAA+,USD,0.01495625
CFZCLE,C,AAA+,USD,0.0074
CFZCUJ,C,AAA+,USD,0.0074
CFZCUT,C,AAA+,USD,0.0074
CFZMPL,C,AAA+,USD,0.008645833
CFZPAJ,C,AAA+,USD,0.008645833
CFZPAT,C,AAA+,USD,0.008645833
CFZSUE,C,AAA+,USD,0.008645833
CFZSUG,C,AAA+,USD,0.008645833
CFZ1AJ,E,AAA+,PEN,0.015625
CFZ1AT,E,AAA+,PEN,0.015625
CFZ1CE,E,AAA+,PEN,0.0143125
CFZ1DJ,E,AAA+,PEN,0.0154
CFZ1DT,E,AAA+,PEN,0.0154
CFZ1LE,E,AAA+,PEN,0.0154
CFZ1UG,E,AAA+,PEN,0.015625
CFZ1UJ,E,AAA+,PEN,0.0143125
CFZ1UT,E,AAA+,PEN,0.0143125
CFZADJ,E,AAA+,PEN,0.0154
CFZADT,E,AAA+,PEN,0.0154
CFZALE,E,AAA+,PEN,0.0154
CFZCLE,E,AAA+,PEN,0.0143125
CFZCUJ,E,AAA+,PEN,0.0143125
CFZCUT,E,AAA+,PEN,0.0143125
CFZMPL,E,AAA+,PEN,0.015625
CFZPAJ,E,AAA+,PEN,0.015625
CFZPAT,E,AAA+,PEN,0.015625
CFZSUE,E,AAA+,PEN,0.015625
CFZSUG,E,AAA+,PEN,0.015625
CFZ1AJ,E,AAA+,USD,0.015625
CFZ1AT,E,AAA+,USD,0.015625
CFZ1CE,E,AAA+,USD,0.0143125
CFZ1DJ,E,AAA+,USD,0.0154
CFZ1DT,E,AAA+,USD,0.0154
CFZ1LE,E,AAA+,USD,0.0154
CFZ1UG,E,AAA+,USD,0.015625
CFZ1UJ,E,AAA+,USD,0.0143125
CFZ1UT,E,AAA+,USD,0.0143125
CFZADJ,E,AAA+,USD,0.0154
CFZADT,E,AAA+,USD,0.0154
CFZALE,E,AAA+,USD,0.0154
CFZCLE,E,AAA+,USD,0.0143125
CFZCUJ,E,AAA+,USD,0.0143125
CFZCUT,E,AAA+,USD,0.0143125
CFZMPL,E,AAA+,USD,0.015625
CFZPAJ,E,AAA+,USD,0.015625
CFZPAT,E,AAA+,USD,0.015625
CFZSUE,E,AAA+,USD,0.015625
CFZSUG,E,AAA+,USD,0.015625
CFZ1AJ,C,B,PEN,0.040075
CFZ1AT,C,B,PEN,0.040075
CFZ1CE,C,B,PEN,0.040169231
CFZ1DJ,C,B,PEN,0.0399875
CFZ1DT,C,B,PEN,0.0399875
CFZ1LE,C,B,PEN,0.0399875
CFZ1UG,C,B,PEN,0.040075
CFZ1UJ,C,B,PEN,0.040169231
CFZ1UT,C,B,PEN,0.040169231
CFZADJ,C,B,PEN,0.0399875
CFZADT,C,B,PEN,0.0399875
CFZALE,C,B,PEN,0.0399875
CFZCLE,C,B,PEN,0.040169231
CFZCUJ,C,B,PEN,0.040169231
CFZCUT,C,B,PEN,0.040169231
CFZMPL,C,B,PEN,0.040075
CFZPAJ,C,B,PEN,0.040075
CFZPAT,C,B,PEN,0.040075
CFZSUE,C,B,PEN,0.040075
CFZSUG,C,B,PEN,0.040075
CFZ1AJ,C,B,USD,0.040075
CFZ1AT,C,B,USD,0.040075
CFZ1CE,C,B,USD,0.040169231
CFZ1DJ,C,B,USD,0.0399875
CFZ1DT,C,B,USD,0.0399875
CFZ1LE,C,B,USD,0.0399875
CFZ1UG,C,B,USD,0.040075
CFZ1UJ,C,B,USD,0.040169231
CFZ1UT,C,B,USD,0.040169231
CFZADJ,C,B,USD,0.0399875
CFZADT,C,B,USD,0.0399875
CFZALE,C,B,USD,0.0399875
CFZCLE,C,B,USD,0.040169231
CFZCUJ,C,B,USD,0.040169231
CFZCUT,C,B,USD,0.040169231
CFZMPL,C,B,USD,0.040075
CFZPAJ,C,B,USD,0.040075
CFZPAT,C,B,USD,0.040075
CFZSUE,C,B,USD,0.040075
CFZSUG,C,B,USD,0.040075
CFZ1AJ,E,B,PEN,0.04375
CFZ1AT,E,B,PEN,0.04375
CFZ1CE,E,B,PEN,0.043375
CFZ1DJ,E,B,PEN,0.0418
CFZ1DT,E,B,PEN,0.0418
CFZ1LE,E,B,PEN,0.0418
CFZ1UG,E,B,PEN,0.04375
CFZ1UJ,E,B,PEN,0.043375
CFZ1UT,E,B,PEN,0.043375
CFZADJ,E,B,PEN,0.0418
CFZADT,E,B,PEN,0.0418
CFZALE,E,B,PEN,0.0418
CFZCLE,E,B,PEN,0.043375
CFZCUJ,E,B,PEN,0.043375
CFZCUT,E,B,PEN,0.043375
CFZMPL,E,B,PEN,0.04375
CFZPAJ,E,B,PEN,0.04375
CFZPAT,E,B,PEN,0.04375
CFZSUE,E,B,PEN,0.04375
CFZSUG,E,B,PEN,0.04375
CFZ1AJ,E,B,USD,0.04375
CFZ1AT,E,B,USD,0.04375
CFZ1CE,E,B,USD,0.043375
CFZ1DJ,E,B,USD,0.0418
CFZ1DT,E,B,USD,0.0418
CFZ1LE,E,B,USD,0.0418
CFZ1UG,E,B,USD,0.04375
CFZ1UJ,E,B,USD,0.043375
CFZ1UT,E,B,USD,0.043375
CFZADJ,E,B,USD,0.0418
CFZADT,E,B,USD,0.0418
CFZALE,E,B,USD,0.0418
CFZCLE,E,B,USD,0.043375
CFZCUJ,E,B,USD,0.043375
CFZCUT,E,B,USD,0.043375
CFZMPL,E,B,USD,0.04375
CFZPAJ,E,B,USD,0.04375
CFZPAT,E,B,USD,0.04375
CFZSUE,E,B,USD,0.04375
CFZSUG,E,B,USD,0.04375
CFZ1AJ,C,B+,PEN,0.036766667
CFZ1AT,C,B+,PEN,0.036766667
CFZ1CE,C,B+,PEN,0.036892308
CFZ1DJ,C,B+,PEN,0.03665
CFZ1DT,C,B+,PEN,0.03665
CFZ1LE,C,B+,PEN,0.03665
CFZ1UG,C,B+,PEN,0.036766667
CFZ1UJ,C,B+,PEN,0.036892308
CFZ1UT,C,B+,PEN,0.036892308
CFZADJ,C,B+,PEN,0.03665
CFZADT,C,B+,PEN,0.03665
CFZALE,C,B+,PEN,0.03665
CFZCLE,C,B+,PEN,0.036892308
CFZCUJ,C,B+,PEN,0.036892308
CFZCUT,C,B+,PEN,0.036892308
CFZMPL,C,B+,PEN,0.036766667
CFZPAJ,C,B+,PEN,0.036766667
CFZPAT,C,B+,PEN,0.036766667
CFZSUE,C,B+,PEN,0.036766667
CFZSUG,C,B+,PEN,0.036766667
CFZ1AJ,C,B+,USD,0.036766667
CFZ1AT,C,B+,USD,0.036766667
CFZ1CE,C,B+,USD,0.036892308
CFZ1DJ,C,B+,USD,0.03665
CFZ1DT,C,B+,USD,0.03665
CFZ1LE,C,B+,USD,0.03665
CFZ1UG,C,B+,USD,0.036766667
CFZ1UJ,C,B+,USD,0.036892308
CFZ1UT,C,B+,USD,0.036892308
CFZADJ,C,B+,USD,0.03665
CFZADT,C,B+,USD,0.03665
CFZALE,C,B+,USD,0.03665
CFZCLE,C,B+,USD,0.036892308
CFZCUJ,C,B+,USD,0.036892308
CFZCUT,C,B+,USD,0.036892308
CFZMPL,C,B+,USD,0.036766667
CFZPAJ,C,B+,USD,0.036766667
CFZPAT,C,B+,USD,0.036766667
CFZSUE,C,B+,USD,0.036766667
CFZSUG,C,B+,USD,0.036766667
CFZ1AJ,E,B+,PEN,0.04
CFZ1AT,E,B+,PEN,0.04
CFZ1CE,E,B+,PEN,0.0395
CFZ1DJ,E,B+,PEN,0.0374
CFZ1DT,E,B+,PEN,0.0374
CFZ1LE,E,B+,PEN,0.0374
CFZ1UG,E,B+,PEN,0.04
CFZ1UJ,E,B+,PEN,0.0395
CFZ1UT,E,B+,PEN,0.0395
CFZADJ,E,B+,PEN,0.0374
CFZADT,E,B+,PEN,0.0374
CFZALE,E,B+,PEN,0.0374
CFZCLE,E,B+,PEN,0.0395
CFZCUJ,E,B+,PEN,0.0395
CFZCUT,E,B+,PEN,0.0395
CFZMPL,E,B+,PEN,0.04
CFZPAJ,E,B+,PEN,0.04
CFZPAT,E,B+,PEN,0.04
CFZSUE,E,B+,PEN,0.04
CFZSUG,E,B+,PEN,0.04
CFZ1AJ,E,B+,USD,0.04
CFZ1AT,E,B+,USD,0.04
CFZ1CE,E,B+,USD,0.0395
CFZ1DJ,E,B+,USD,0.0374
CFZ1DT,E,B+,USD,0.0374
CFZ1LE,E,B+,USD,0.0374
CFZ1UG,E,B+,USD,0.04
CFZ1UJ,E,B+,USD,0.0395
CFZ1UT,E,B+,USD,0.0395
CFZADJ,E,B+,USD,0.0374
CFZADT,E,B+,USD,0.0374
CFZALE,E,B+,USD,0.0374
CFZCLE,E,B+,USD,0.0395
CFZCUJ,E,B+,USD,0.0395
CFZCUT,E,B+,USD,0.0395
CFZMPL,E,B+,USD,0.04
CFZPAJ,E,B+,USD,0.04
CFZPAT,E,B+,USD,0.04
CFZSUE,E,B+,USD,0.04
CFZSUG,E,B+,USD,0.04
CFZ1AJ,C,BB,PEN,0.033458333
CFZ1AT,C,BB,PEN,0.033458333
CFZ1CE,C,BB,PEN,0.033615385
CFZ1DJ,C,BB,PEN,0.0333125
CFZ1DT,C,BB,PEN,0.0333125
CFZ1LE,C,BB,PEN,0.0333125
CFZ1UG,C,BB,PEN,0.033458333
CFZ1UJ,C,BB,PEN,0.033615385
CFZ1UT,C,BB,PEN,0.033615385
CFZADJ,C,BB,PEN,0.0333125
CFZADT,C,BB,PEN,0.0333125
CFZALE,C,BB,PEN,0.0333125
CFZCLE,C,BB,PEN,0.033615385
CFZCUJ,C,BB,PEN,0.033615385
CFZCUT,C,BB,PEN,0.033615385
CFZMPL,C,BB,PEN,0.033458333
CFZPAJ,C,BB,PEN,0.033458333
CFZPAT,C,BB,PEN,0.033458333
CFZSUE,C,BB,PEN,0.033458333
CFZSUG,C,BB,PEN,0.033458333
CFZ1AJ,C,BB,USD,0.033458333
CFZ1AT,C,BB,USD,0.033458333
CFZ1CE,C,BB,USD,0.033615385
CFZ1DJ,C,BB,USD,0.0333125
CFZ1DT,C,BB,USD,0.0333125
CFZ1LE,C,BB,USD,0.0333125
CFZ1UG,C,BB,USD,0.033458333
CFZ1UJ,C,BB,USD,0.033615385
CFZ1UT,C,BB,USD,0.033615385
CFZADJ,C,BB,USD,0.0333125
CFZADT,C,BB,USD,0.0333125
CFZALE,C,BB,USD,0.0333125
CFZCLE,C,BB,USD,0.033615385
CFZCUJ,C,BB,USD,0.033615385
CFZCUT,C,BB,USD,0.033615385
CFZMPL,C,BB,USD,0.033458333
CFZPAJ,C,BB,USD,0.033458333
CFZPAT,C,BB,USD,0.033458333
CFZSUE,C,BB,USD,0.033458333
CFZSUG,C,BB,USD,0.033458333
CFZ1AJ,E,BB,PEN,0.03625
CFZ1AT,E,BB,PEN,0.03625
CFZ1CE,E,BB,PEN,0.035625
CFZ1DJ,E,BB,PEN,0.033
CFZ1DT,E,BB,PEN,0.033
CFZ1LE,E,BB,PEN,0.033
CFZ1UG,E,BB,PEN,0.03625
CFZ1UJ,E,BB,PEN,0.035625
CFZ1UT,E,BB,PEN,0.035625
CFZADJ,E,BB,PEN,0.033
CFZADT,E,BB,PEN,0.033
CFZALE,E,BB,PEN,0.033
CFZCLE,E,BB,PEN,0.035625
CFZCUJ,E,BB,PEN,0.035625
CFZCUT,E,BB,PEN,0.035625
CFZMPL,E,BB,PEN,0.03625
CFZPAJ,E,BB,PEN,0.03625
CFZPAT,E,BB,PEN,0.03625
CFZSUE,E,BB,PEN,0.03625
CFZSUG,E,BB,PEN,0.03625
CFZ1AJ,E,BB,USD,0.03625
CFZ1AT,E,BB,USD,0.03625
CFZ1CE,E,BB,USD,0.035625
CFZ1DJ,E,BB,USD,0.033
CFZ1DT,E,BB,USD,0.033
CFZ1LE,E,BB,USD,0.033
CFZ1UG,E,BB,USD,0.03625
CFZ1UJ,E,BB,USD,0.035625
CFZ1UT,E,BB,USD,0.035625
CFZADJ,E,BB,USD,0.033
CFZADT,E,BB,USD,0.033
CFZALE,E,BB,USD,0.033
CFZCLE,E,BB,USD,0.035625
CFZCUJ,E,BB,USD,0.035625
CFZCUT,E,BB,USD,0.035625
CFZMPL,E,BB,USD,0.03625
CFZPAJ,E,BB,USD,0.03625
CFZPAT,E,BB,USD,0.03625
CFZSUE,E,BB,USD,0.03625
CFZSUG,E,BB,USD,0.03625
CFZ1AJ,C,BB+,PEN,0.03015
CFZ1AT,C,BB+,PEN,0.03015
CFZ1CE,C,BB+,PEN,0.030338462
CFZ1DJ,C,BB+,PEN,0.029975
CFZ1DT,C,BB+,PEN,0.029975
CFZ1LE,C,BB+,PEN,0.029975
CFZ1UG,C,BB+,PEN,0.03015
CFZ1UJ,C,BB+,PEN,0.030338462
CFZ1UT,C,BB+,PEN,0.030338462
CFZADJ,C,BB+,PEN,0.029975
CFZADT,C,BB+,PEN,0.029975
CFZALE,C,BB+,PEN,0.029975
CFZCLE,C,BB+,PEN,0.030338462
CFZCUJ,C,BB+,PEN,0.030338462
CFZCUT,C,BB+,PEN,0.030338462
CFZMPL,C,BB+,PEN,0.03015
CFZPAJ,C,BB+,PEN,0.03015
CFZPAT,C,BB+,PEN,0.03015
CFZSUE,C,BB+,PEN,0.03015
CFZSUG,C,BB+,PEN,0.03015
CFZ1AJ,C,BB+,USD,0.03015
CFZ1AT,C,BB+,USD,0.03015
CFZ1CE,C,BB+,USD,0.030338462
CFZ1DJ,C,BB+,USD,0.029975
CFZ1DT,C,BB+,USD,0.029975
CFZ1LE,C,BB+,USD,0.029975
CFZ1UG,C,BB+,USD,0.03015
CFZ1UJ,C,BB+,USD,0.030338462
CFZ1UT,C,BB+,USD,0.030338462
CFZADJ,C,BB+,USD,0.029975
CFZADT,C,BB+,USD,0.029975
CFZALE,C,BB+,USD,0.029975
CFZCLE,C,BB+,USD,0.030338462
CFZCUJ,C,BB+,USD,0.030338462
CFZCUT,C,BB+,USD,0.030338462
CFZMPL,C,BB+,USD,0.03015
CFZPAJ,C,BB+,USD,0.03015
CFZPAT,C,BB+,USD,0.03015
CFZSUE,C,BB+,USD,0.03015
CFZSUG,C,BB+,USD,0.03015
CFZ1AJ,E,BB+,PEN,0.0325
CFZ1AT,E,BB+,PEN,0.0325
CFZ1CE,E,BB+,PEN,0.03175
CFZ1DJ,E,BB+,PEN,0.0308
CFZ1DT,E,BB+,PEN,0.0308
CFZ1LE,E,BB+,PEN,0.0308
CFZ1UG,E,BB+,PEN,0.0325
CFZ1UJ,E,BB+,PEN,0.03175
CFZ1UT,E,BB+,PEN,0.03175
CFZADJ,E,BB+,PEN,0.0308
CFZADT,E,BB+,PEN,0.0308
CFZALE,E,BB+,PEN,0.0308
CFZCLE,E,BB+,PEN,0.03175
CFZCUJ,E,BB+,PEN,0.03175
CFZCUT,E,BB+,PEN,0.03175
CFZMPL,E,BB+,PEN,0.0325
CFZPAJ,E,BB+,PEN,0.0325
CFZPAT,E,BB+,PEN,0.0325
CFZSUE,E,BB+,PEN,0.0325
CFZSUG,E,BB+,PEN,0.0325
CFZ1AJ,E,BB+,USD,0.0325
CFZ1AT,E,BB+,USD,0.0325
CFZ1CE,E,BB+,USD,0.03175
CFZ1DJ,E,BB+,USD,0.0308
CFZ1DT,E,BB+,USD,0.0308
CFZ1LE,E,BB+,USD,0.0308
CFZ1UG,E,BB+,USD,0.0325
CFZ1UJ,E,BB+,USD,0.03175
CFZ1UT,E,BB+,USD,0.03175
CFZADJ,E,BB+,USD,0.0308
CFZADT,E,BB+,USD,0.0308
CFZALE,E,BB+,USD,0.0308
CFZCLE,E,BB+,USD,0.03175
CFZCUJ,E,BB+,USD,0.03175
CFZCUT,E,BB+,USD,0.03175
CFZMPL,E,BB+,USD,0.0325
CFZPAJ,E,BB+,USD,0.0325
CFZPAT,E,BB+,USD,0.0325
CFZSUE,E,BB+,USD,0.0325
CFZSUG,E,BB+,USD,0.0325
CFZ1AJ,C,BBB,PEN,0.026841667
CFZ1AT,C,BBB,PEN,0.026841667
CFZ1CE,C,BBB,PEN,0.027061539
CFZ1DJ,C,BBB,PEN,0.0266375
CFZ1DT,C,BBB,PEN,0.0266375
CFZ1LE,C,BBB,PEN,0.0266375
CFZ1UG,C,BBB,PEN,0.026841667
CFZ1UJ,C,BBB,PEN,0.027061539
CFZ1UT,C,BBB,PEN,0.027061539
CFZADJ,C,BBB,PEN,0.0266375
CFZADT,C,BBB,PEN,0.0266375
CFZALE,C,BBB,PEN,0.0266375
CFZCLE,C,BBB,PEN,0.027061539
CFZCUJ,C,BBB,PEN,0.027061539
CFZCUT,C,BBB,PEN,0.027061539
CFZMPL,C,BBB,PEN,0.026841667
CFZPAJ,C,BBB,PEN,0.026841667
CFZPAT,C,BBB,PEN,0.026841667
CFZSUE,C,BBB,PEN,0.026841667
CFZSUG,C,BBB,PEN,0.026841667
CFZ1AJ,C,BBB,USD,0.026841667
CFZ1AT,C,BBB,USD,0.026841667
CFZ1CE,C,BBB,USD,0.027061539
CFZ1DJ,C,BBB,USD,0.0266375
CFZ1DT,C,BBB,USD,0.0266375
CFZ1LE,C,BBB,USD,0.0266375
CFZ1UG,C,BBB,USD,0.026841667
CFZ1UJ,C,BBB,USD,0.027061539
CFZ1UT,C,BBB,USD,0.027061539
CFZADJ,C,BBB,USD,0.0266375
CFZADT,C,BBB,USD,0.0266375
CFZALE,C,BBB,USD,0.0266375
CFZCLE,C,BBB,USD,0.027061539
CFZCUJ,C,BBB,USD,0.027061539
CFZCUT,C,BBB,USD,0.027061539
CFZMPL,C,BBB,USD,0.026841667
CFZPAJ,C,BBB,USD,0.026841667
CFZPAT,C,BBB,USD,0.026841667
CFZSUE,C,BBB,USD,0.026841667
CFZSUG,C,BBB,USD,0.026841667
CFZ1AJ,E,BBB,PEN,0.02875
CFZ1AT,E,BBB,PEN,0.02875
CFZ1CE,E,BBB,PEN,0.027875
CFZ1DJ,E,BBB,PEN,0.0286
CFZ1DT,E,BBB,PEN,0.0286
CFZ1LE,E,BBB,PEN,0.0286
CFZ1UG,E,BBB,PEN,0.02875
CFZ1UJ,E,BBB,PEN,0.027875
CFZ1UT,E,BBB,PEN,0.027875
CFZADJ,E,BBB,PEN,0.0286
CFZADT,E,BBB,PEN,0.0286
CFZALE,E,BBB,PEN,0.0286
CFZCLE,E,BBB,PEN,0.027875
CFZCUJ,E,BBB,PEN,0.027875
CFZCUT,E,BBB,PEN,0.027875
CFZMPL,E,BBB,PEN,0.02875
CFZPAJ,E,BBB,PEN,0.02875
CFZPAT,E,BBB,PEN,0.02875
CFZSUE,E,BBB,PEN,0.02875
CFZSUG,E,BBB,PEN,0.02875
CFZ1AJ,E,BBB,USD,0.02875
CFZ1AT,E,BBB,USD,0.02875
CFZ1CE,E,BBB,USD,0.027875
CFZ1DJ,E,BBB,USD,0.0286
CFZ1DT,E,BBB,USD,0.0286
CFZ1LE,E,BBB,USD,0.0286
CFZ1UG,E,BBB,USD,0.02875
CFZ1UJ,E,BBB,USD,0.027875
CFZ1UT,E,BBB,USD,0.027875
CFZADJ,E,BBB,USD,0.0286
CFZADT,E,BBB,USD,0.0286
CFZALE,E,BBB,USD,0.0286
CFZCLE,E,BBB,USD,0.027875
CFZCUJ,E,BBB,USD,0.027875
CFZCUT,E,BBB,USD,0.027875
CFZMPL,E,BBB,USD,0.02875
CFZPAJ,E,BBB,USD,0.02875
CFZPAT,E,BBB,USD,0.02875
CFZSUE,E,BBB,USD,0.02875
CFZSUG,E,BBB,USD,0.02875
CFZ1AJ,C,BBB+,PEN,0.023533333
CFZ1AT,C,BBB+,PEN,0.023533333
CFZ1CE,C,BBB+,PEN,0.023784615
CFZ1DJ,C,BBB+,PEN,0.0233
CFZ1DT,C,BBB+,PEN,0.0233
CFZ1LE,C,BBB+,PEN,0.0233
CFZ1UG,C,BBB+,PEN,0.023533333
CFZ1UJ,C,BBB+,PEN,0.023784615
CFZ1UT,C,BBB+,PEN,0.023784615
CFZADJ,C,BBB+,PEN,0.0233
CFZADT,C,BBB+,PEN,0.0233
CFZALE,C,BBB+,PEN,0.0233
CFZCLE,C,BBB+,PEN,0.023784615
CFZCUJ,C,BBB+,PEN,0.023784615
CFZCUT,C,BBB+,PEN,0.023784615
CFZMPL,C,BBB+,PEN,0.023533333
CFZPAJ,C,BBB+,PEN,0.023533333
CFZPAT,C,BBB+,PEN,0.023533333
CFZSUE,C,BBB+,PEN,0.023533333
CFZSUG,C,BBB+,PEN,0.023533333
CFZ1AJ,C,BBB+,USD,0.023533333
CFZ1AT,C,BBB+,USD,0.023533333
CFZ1CE,C,BBB+,USD,0.023784615
CFZ1DJ,C,BBB+,USD,0.0233
CFZ1DT,C,BBB+,USD,0.0233
CFZ1LE,C,BBB+,USD,0.0233
CFZ1UG,C,BBB+,USD,0.023533333
CFZ1UJ,C,BBB+,USD,0.023784615
CFZ1UT,C,BBB+,USD,0.023784615
CFZADJ,C,BBB+,USD,0.0233
CFZADT,C,BBB+,USD,0.0233
CFZALE,C,BBB+,USD,0.0233
CFZCLE,C,BBB+,USD,0.023784615
CFZCUJ,C,BBB+,USD,0.023784615
CFZCUT,C,BBB+,USD,0.023784615
CFZMPL,C,BBB+,USD,0.023533333
CFZPAJ,C,BBB+,USD,0.023533333
CFZPAT,C,BBB+,USD,0.023533333
CFZSUE,C,BBB+,USD,0.023533333
CFZSUG,C,BBB+,USD,0.023533333
CFZ1AJ,E,BBB+,PEN,0.025
CFZ1AT,E,BBB+,PEN,0.025
CFZ1CE,E,BBB+,PEN,0.024
CFZ1DJ,E,BBB+,PEN,0.0264
CFZ1DT,E,BBB+,PEN,0.0264
CFZ1LE,E,BBB+,PEN,0.0264
CFZ1UG,E,BBB+,PEN,0.025
CFZ1UJ,E,BBB+,PEN,0.024
CFZ1UT,E,BBB+,PEN,0.024
CFZADJ,E,BBB+,PEN,0.0264
CFZADT,E,BBB+,PEN,0.0264
CFZALE,E,BBB+,PEN,0.0264
CFZCLE,E,BBB+,PEN,0.024
CFZCUJ,E,BBB+,PEN,0.024
CFZCUT,E,BBB+,PEN,0.024
CFZMPL,E,BBB+,PEN,0.025
CFZPAJ,E,BBB+,PEN,0.025
CFZPAT,E,BBB+,PEN,0.025
CFZSUE,E,BBB+,PEN,0.025
CFZSUG,E,BBB+,PEN,0.025
CFZ1AJ,E,BBB+,USD,0.025
CFZ1AT,E,BBB+,USD,0.025
CFZ1CE,E,BBB+,USD,0.024
CFZ1DJ,E,BBB+,USD,0.0264
CFZ1DT,E,BBB+,USD,0.0264
CFZ1LE,E,BBB+,USD,0.0264
CFZ1UG,E,BBB+,USD,0.025
CFZ1UJ,E,BBB+,USD,0.024
CFZ1UT,E,BBB+,USD,0.024
CFZADJ,E,BBB+,USD,0.0264
CFZADT,E,BBB+,USD,0.0264
CFZALE,E,BBB+,USD,0.0264
CFZCLE,E,BBB+,USD,0.024
CFZCUJ,E,BBB+,USD,0.024
CFZCUT,E,BBB+,USD,0.024
CFZMPL,E,BBB+,USD,0.025
CFZPAJ,E,BBB+,USD,0.025
CFZPAT,E,BBB+,USD,0.025
CFZSUE,E,BBB+,USD,0.025
CFZSUG,E,BBB+,USD,0.025
CFZ1AJ,C,C,PEN,0.05
CFZ1AT,C,C,PEN,0.05
CFZ1CE,C,C,PEN,0.05
CFZ1DJ,C,C,PEN,0.05
CFZ1DT,C,C,PEN,0.05
CFZ1LE,C,C,PEN,0.05
CFZ1UG,C,C,PEN,0.05
CFZ1UJ,C,C,PEN,0.05
CFZ1UT,C,C,PEN,0.05
CFZADJ,C,C,PEN,0.05
CFZADT,C,C,PEN,0.05
CFZALE,C,C,PEN,0.05
CFZCLE,C,C,PEN,0.05
CFZCUJ,C,C,PEN,0.05
CFZCUT,C,C,PEN,0.05
CFZMPL,C,C,PEN,0.05
CFZPAJ,C,C,PEN,0.05
CFZPAT,C,C,PEN,0.05
CFZSUE,C,C,PEN,0.05
CFZSUG,C,C,PEN,0.05
CFZ1AJ,C,C,USD,0.05
CFZ1AT,C,C,USD,0.05
CFZ1CE,C,C,USD,0.05
CFZ1DJ,C,C,USD,0.05
CFZ1DT,C,C,USD,0.05
CFZ1LE,C,C,USD,0.05
CFZ1UG,C,C,USD,0.05
CFZ1UJ,C,C,USD,0.05
CFZ1UT,C,C,USD,0.05
CFZADJ,C,C,USD,0.05
CFZADT,C,C,USD,0.05
CFZALE,C,C,USD,0.05
CFZCLE,C,C,USD,0.05
CFZCUJ,C,C,USD,0.05
CFZCUT,C,C,USD,0.05
CFZMPL,C,C,USD,0.05
CFZPAJ,C,C,USD,0.05
CFZPAT,C,C,USD,0.05
CFZSUE,C,C,USD,0.05
CFZSUG,C,C,USD,0.05
CFZ1AJ,E,C,PEN,0.055
CFZ1AT,E,C,PEN,0.055
CFZ1CE,E,C,PEN,0.055
CFZ1DJ,E,C,PEN,0.055
CFZ1DT,E,C,PEN,0.055
CFZ1LE,E,C,PEN,0.055
CFZ1UG,E,C,PEN,0.055
CFZ1UJ,E,C,PEN,0.055
CFZ1UT,E,C,PEN,0.055
CFZADJ,E,C,PEN,0.055
CFZADT,E,C,PEN,0.055
CFZALE,E,C,PEN,0.055
CFZCLE,E,C,PEN,0.055
CFZCUJ,E,C,PEN,0.055
CFZCUT,E,C,PEN,0.055
CFZMPL,E,C,PEN,0.055
CFZPAJ,E,C,PEN,0.055
CFZPAT,E,C,PEN,0.055
CFZSUE,E,C,PEN,0.055
CFZSUG,E,C,PEN,0.055
CFZ1AJ,E,C,USD,0.055
CFZ1AT,E,C,USD,0.055
CFZ1CE,E,C,USD,0.055
CFZ1DJ,E,C,USD,0.055
CFZ1DT,E,C,USD,0.055
CFZ1LE,E,C,USD,0.055
CFZ1UG,E,C,USD,0.055
CFZ1UJ,E,C,USD,0.055
CFZ1UT,E,C,USD,0.055
CFZADJ,E,C,USD,0.055
CFZADT,E,C,USD,0.055
CFZALE,E,C,USD,0.055
CFZCLE,E,C,USD,0.055
CFZCUJ,E,C,USD,0.055
CFZCUT,E,C,USD,0.055
CFZMPL,E,C,USD,0.055
CFZPAJ,E,C,USD,0.055
CFZPAT,E,C,USD,0.055
CFZSUE,E,C,USD,0.055
CFZSUG,E,C,USD,0.055
CFZ1AJ,C,CC,PEN,0.046691667
CFZ1AT,C,CC,PEN,0.046691667
CFZ1CE,C,CC,PEN,0.046723077
CFZ1DJ,C,CC,PEN,0.0466625
CFZ1DT,C,CC,PEN,0.0466625
CFZ1LE,C,CC,PEN,0.0466625
CFZ1UG,C,CC,PEN,0.046691667
CFZ1UJ,C,CC,PEN,0.046723077
CFZ1UT,C,CC,PEN,0.046723077
CFZADJ,C,CC,PEN,0.0466625
CFZADT,C,CC,PEN,0.0466625
CFZALE,C,CC,PEN,0.0466625
CFZCLE,C,CC,PEN,0.046723077
CFZCUJ,C,CC,PEN,0.046723077
CFZCUT,C,CC,PEN,0.046723077
CFZMPL,C,CC,PEN,0.046691667
CFZPAJ,C,CC,PEN,0.046691667
CFZPAT,C,CC,PEN,0.046691667
CFZSUE,C,CC,PEN,0.046691667
CFZSUG,C,CC,PEN,0.046691667
CFZ1AJ,C,CC,USD,0.046691667
CFZ1AT,C,CC,USD,0.046691667
CFZ1CE,C,CC,USD,0.046723077
CFZ1DJ,C,CC,USD,0.0466625
CFZ1DT,C,CC,USD,0.0466625
CFZ1LE,C,CC,USD,0.0466625
CFZ1UG,C,CC,USD,0.046691667
CFZ1UJ,C,CC,USD,0.046723077
CFZ1UT,C,CC,USD,0.046723077
CFZADJ,C,CC,USD,0.0466625
CFZADT,C,CC,USD,0.0466625
CFZALE,C,CC,USD,0.0466625
CFZCLE,C,CC,USD,0.046723077
CFZCUJ,C,CC,USD,0.046723077
CFZCUT,C,CC,USD,0.046723077
CFZMPL,C,CC,USD,0.046691667
CFZPAJ,C,CC,USD,0.046691667
CFZPAT,C,CC,USD,0.046691667
CFZSUE,C,CC,USD,0.046691667
CFZSUG,C,CC,USD,0.046691667
CFZ1AJ,E,CC,PEN,0.05125
CFZ1AT,E,CC,PEN,0.05125
CFZ1CE,E,CC,PEN,0.051125
CFZ1DJ,E,CC,PEN,0.0506
CFZ1DT,E,CC,PEN,0.0506
CFZ1LE,E,CC,PEN,0.0506
CFZ1UG,E,CC,PEN,0.05125
CFZ1UJ,E,CC,PEN,0.051125
CFZ1UT,E,CC,PEN,0.051125
CFZADJ,E,CC,PEN,0.0506
CFZADT,E,CC,PEN,0.0506
CFZALE,E,CC,PEN,0.0506
CFZCLE,E,CC,PEN,0.051125
CFZCUJ,E,CC,PEN,0.051125
CFZCUT,E,CC,PEN,0.051125
CFZMPL,E,CC,PEN,0.05125
CFZPAJ,E,CC,PEN,0.05125
CFZPAT,E,CC,PEN,0.05125
CFZSUE,E,CC,PEN,0.05125
CFZSUG,E,CC,PEN,0.05125
CFZ1AJ,E,CC,USD,0.05125
CFZ1AT,E,CC,USD,0.05125
CFZ1CE,E,CC,USD,0.051125
CFZ1DJ,E,CC,USD,0.0506
CFZ1DT,E,CC,USD,0.0506
CFZ1LE,E,CC,USD,0.0506
CFZ1UG,E,CC,USD,0.05125
CFZ1UJ,E,CC,USD,0.051125
CFZ1UT,E,CC,USD,0.051125
CFZADJ,E,CC,USD,0.0506
CFZADT,E,CC,USD,0.0506
CFZALE,E,CC,USD,0.0506
CFZCLE,E,CC,USD,0.051125
CFZCUJ,E,CC,USD,0.051125
CFZCUT,E,CC,USD,0.051125
CFZMPL,E,CC,USD,0.05125
CFZPAJ,E,CC,USD,0.05125
CFZPAT,E,CC,USD,0.05125
CFZSUE,E,CC,USD,0.05125
CFZSUG,E,CC,USD,0.05125
CFZ1AJ,C,CCC,PEN,0.043383333
CFZ1AT,C,CCC,PEN,0.043383333
CFZ1CE,C,CCC,PEN,0.043446154
CFZ1DJ,C,CCC,PEN,0.043325
CFZ1DT,C,CCC,PEN,0.043325
CFZ1LE,C,CCC,PEN,0.043325
CFZ1UG,C,CCC,PEN,0.043383333
CFZ1UJ,C,CCC,PEN,0.043446154
CFZ1UT,C,CCC,PEN,0.043446154
CFZADJ,C,CCC,PEN,0.043325
CFZADT,C,CCC,PEN,0.043325
CFZALE,C,CCC,PEN,0.043325
CFZCLE,C,CCC,PEN,0.043446154
CFZCUJ,C,CCC,PEN,0.043446154
CFZCUT,C,CCC,PEN,0.043446154
CFZMPL,C,CCC,PEN,0.043383333
CFZPAJ,C,CCC,PEN,0.043383333
CFZPAT,C,CCC,PEN,0.043383333
CFZSUE,C,CCC,PEN,0.043383333
CFZSUG,C,CCC,PEN,0.043383333
CFZ1AJ,C,CCC,USD,0.043383333
CFZ1AT,C,CCC,USD,0.043383333
CFZ1CE,C,CCC,USD,0.043446154
CFZ1DJ,C,CCC,USD,0.043325
CFZ1DT,C,CCC,USD,0.043325
CFZ1LE,C,CCC,USD,0.043325
CFZ1UG,C,CCC,USD,0.043383333
CFZ1UJ,C,CCC,USD,0.043446154
CFZ1UT,C,CCC,USD,0.043446154
CFZADJ,C,CCC,USD,0.043325
CFZADT,C,CCC,USD,0.043325
CFZALE,C,CCC,USD,0.043325
CFZCLE,C,CCC,USD,0.043446154
CFZCUJ,C,CCC,USD,0.043446154
CFZCUT,C,CCC,USD,0.043446154
CFZMPL,C,CCC,USD,0.043383333
CFZPAJ,C,CCC,USD,0.043383333
CFZPAT,C,CCC,USD,0.043383333
CFZSUE,C,CCC,USD,0.043383333
CFZSUG,C,CCC,USD,0.043383333
CFZ1AJ,E,CCC,PEN,0.0475
CFZ1AT,E,CCC,PEN,0.0475
CFZ1CE,E,CCC,PEN,0.04725
CFZ1DJ,E,CCC,PEN,0.0462
CFZ1DT,E,CCC,PEN,0.0462
CFZ1LE,E,CCC,PEN,0.0462
CFZ1UG,E,CCC,PEN,0.0475
CFZ1UJ,E,CCC,PEN,0.04725
CFZ1UT,E,CCC,PEN,0.04725
CFZADJ,E,CCC,PEN,0.0462
CFZADT,E,CCC,PEN,0.0462
CFZALE,E,CCC,PEN,0.0462
CFZCLE,E,CCC,PEN,0.04725
CFZCUJ,E,CCC,PEN,0.04725
CFZCUT,E,CCC,PEN,0.04725
CFZMPL,E,CCC,PEN,0.0475
CFZPAJ,E,CCC,PEN,0.0475
CFZPAT,E,CCC,PEN,0.0475
CFZSUE,E,CCC,PEN,0.0475
CFZSUG,E,CCC,PEN,0.0475
CFZ1AJ,E,CCC,USD,0.0475
CFZ1AT,E,CCC,USD,0.0475
CFZ1CE,E,CCC,USD,0.04725
CFZ1DJ,E,CCC,USD,0.0462
CFZ1DT,E,CCC,USD,0.0462
CFZ1LE,E,CCC,USD,0.0462
CFZ1UG,E,CCC,USD,0.0475
CFZ1UJ,E,CCC,USD,0.04725
CFZ1UT,E,CCC,USD,0.04725
CFZADJ,E,CCC,USD,0.0462
CFZADT,E,CCC,USD,0.0462
CFZALE,E,CCC,USD,0.0462
CFZCLE,E,CCC,USD,0.04725
CFZCUJ,E,CCC,USD,0.04725
CFZCUT,E,CCC,USD,0.04725
CFZMPL,E,CCC,USD,0.0475
CFZPAJ,E,CCC,USD,0.0475
CFZPAT,E,CCC,USD,0.0475
CFZSUE,E,CCC,USD,0.0475
CFZSUG,E,CCC,USD,0.0475
CFZ1AJ,C,D,PEN,0.05744375
CFZ1AT,C,D,PEN,0.05744375
CFZ1CE,C,D,PEN,0.054915385
CFZ1DJ,C,D,PEN,0.057509375
CFZ1DT,C,D,PEN,0.057509375
CFZ1LE,C,D,PEN,0.057509375
CFZ1UG,C,D,PEN,0.05744375
CFZ1UJ,C,D,PEN,0.054915385
CFZ1UT,C,D,PEN,0.054915385
CFZADJ,C,D,PEN,0.057509375
CFZADT,C,D,PEN,0.057509375
CFZALE,C,D,PEN,0.057509375
CFZCLE,C,D,PEN,0.054915385
CFZCUJ,C,D,PEN,0.054915385
CFZCUT,C,D,PEN,0.054915385
CFZMPL,C,D,PEN,0.05744375
CFZPAJ,C,D,PEN,0.05744375
CFZPAT,C,D,PEN,0.05744375
CFZSUE,C,D,PEN,0.05744375
CFZSUG,C,D,PEN,0.05744375
CFZ1AJ,C,D,USD,0.05744375
CFZ1AT,C,D,USD,0.05744375
CFZ1CE,C,D,USD,0.054915385
CFZ1DJ,C,D,USD,0.057509375
CFZ1DT,C,D,USD,0.057509375
CFZ1LE,C,D,USD,0.057509375
CFZ1UG,C,D,USD,0.05744375
CFZ1UJ,C,D,USD,0.054915385
CFZ1UT,C,D,USD,0.054915385
CFZADJ,C,D,USD,0.057509375
CFZADT,C,D,USD,0.057509375
CFZALE,C,D,USD,0.057509375
CFZCLE,C,D,USD,0.054915385
CFZCUJ,C,D,USD,0.054915385
CFZCUT,C,D,USD,0.054915385
CFZMPL,C,D,USD,0.05744375
CFZPAJ,C,D,USD,0.05744375
CFZPAT,C,D,USD,0.05744375
CFZSUE,C,D,USD,0.05744375
CFZSUG,C,D,USD,0.05744375
CFZ1AJ,E,D,PEN,0.0634375
CFZ1AT,E,D,PEN,0.0634375
CFZ1CE,E,D,PEN,0.0608125
CFZ1DJ,E,D,PEN,0.0649
CFZ1DT,E,D,PEN,0.0649
CFZ1LE,E,D,PEN,0.0649
CFZ1UG,E,D,PEN,0.0634375
CFZ1UJ,E,D,PEN,0.0608125
CFZ1UT,E,D,PEN,0.0608125
CFZADJ,E,D,PEN,0.0649
CFZADT,E,D,PEN,0.0649
CFZALE,E,D,PEN,0.0649
CFZCLE,E,D,PEN,0.0608125
CFZCUJ,E,D,PEN,0.0608125
CFZCUT,E,D,PEN,0.0608125
CFZMPL,E,D,PEN,0.0634375
CFZPAJ,E,D,PEN,0.0634375
CFZPAT,E,D,PEN,0.0634375
CFZSUE,E,D,PEN,0.0634375
CFZSUG,E,D,PEN,0.0634375
CFZ1AJ,E,D,USD,0.0634375
CFZ1AT,E,D,USD,0.0634375
CFZ1CE,E,D,USD,0.0608125
CFZ1DJ,E,D,USD,0.0649
CFZ1DT,E,D,USD,0.0649
CFZ1LE,E,D,USD,0.0649
CFZ1UG,E,D,USD,0.0634375
CFZ1UJ,E,D,USD,0.0608125
CFZ1UT,E,D,USD,0.0608125
CFZADJ,E,D,USD,0.0649
CFZADT,E,D,USD,0.0649
CFZALE,E,D,USD,0.0649
CFZCLE,E,D,USD,0.0608125
CFZCUJ,E,D,USD,0.0608125
CFZCUT,E,D,USD,0.0608125
CFZMPL,E,D,USD,0.0634375
CFZPAJ,E,D,USD,0.0634375
CFZPAT,E,D,USD,0.0634375
CFZSUE,E,D,USD,0.0634375
CFZSUG,E,D,USD,0.0634375
CFZ1AJ,C,DD,PEN,0.0549625
CFZ1AT,C,DD,PEN,0.0549625
CFZ1CE,C,DD,PEN,0.053276923
CFZ1DJ,C,DD,PEN,0.05500625
CFZ1DT,C,DD,PEN,0.05500625
CFZ1LE,C,DD,PEN,0.05500625
CFZ1UG,C,DD,PEN,0.0549625
CFZ1UJ,C,DD,PEN,0.053276923
CFZ1UT,C,DD,PEN,0.053276923
CFZADJ,C,DD,PEN,0.05500625
CFZADT,C,DD,PEN,0.05500625
CFZALE,C,DD,PEN,0.05500625
CFZCLE,C,DD,PEN,0.053276923
CFZCUJ,C,DD,PEN,0.053276923
CFZCUT,C,DD,PEN,0.053276923
CFZMPL,C,DD,PEN,0.0549625
CFZPAJ,C,DD,PEN,0.0549625
CFZPAT,C,DD,PEN,0.0549625
CFZSUE,C,DD,PEN,0.0549625
CFZSUG,C,DD,PEN,0.0549625
CFZ1AJ,C,DD,USD,0.0549625
CFZ1AT,C,DD,USD,0.0549625
CFZ1CE,C,DD,USD,0.053276923
CFZ1DJ,C,DD,USD,0.05500625
CFZ1DT,C,DD,USD,0.05500625
CFZ1LE,C,DD,USD,0.05500625
CFZ1UG,C,DD,USD,0.0549625
CFZ1UJ,C,DD,USD,0.053276923
CFZ1UT,C,DD,USD,0.053276923
CFZADJ,C,DD,USD,0.05500625
CFZADT,C,DD,USD,0.05500625
CFZALE,C,DD,USD,0.05500625
CFZCLE,C,DD,USD,0.053276923
CFZCUJ,C,DD,USD,0.053276923
CFZCUT,C,DD,USD,0.053276923
CFZMPL,C,DD,USD,0.0549625
CFZPAJ,C,DD,USD,0.0549625
CFZPAT,C,DD,USD,0.0549625
CFZSUE,C,DD,USD,0.0549625
CFZSUG,C,DD,USD,0.0549625
CFZ1AJ,E,DD,PEN,0.060625
CFZ1AT,E,DD,PEN,0.060625
CFZ1CE,E,DD,PEN,0.058875
CFZ1DJ,E,DD,PEN,0.0616
CFZ1DT,E,DD,PEN,0.0616
CFZ1LE,E,DD,PEN,0.0616
CFZ1UG,E,DD,PEN,0.060625
CFZ1UJ,E,DD,PEN,0.058875
CFZ1UT,E,DD,PEN,0.058875
CFZADJ,E,DD,PEN,0.0616
CFZADT,E,DD,PEN,0.0616
CFZALE,E,DD,PEN,0.0616
CFZCLE,E,DD,PEN,0.058875
CFZCUJ,E,DD,PEN,0.058875
CFZCUT,E,DD,PEN,0.058875
CFZMPL,E,DD,PEN,0.060625
CFZPAJ,E,DD,PEN,0.060625
CFZPAT,E,DD,PEN,0.060625
CFZSUE,E,DD,PEN,0.060625
CFZSUG,E,DD,PEN,0.060625
CFZ1AJ,E,DD,USD,0.060625
CFZ1AT,E,DD,USD,0.060625
CFZ1CE,E,DD,USD,0.058875
CFZ1DJ,E,DD,USD,0.0616
CFZ1DT,E,DD,USD,0.0616
CFZ1LE,E,DD,USD,0.0616
CFZ1UG,E,DD,USD,0.060625
CFZ1UJ,E,DD,USD,0.058875
CFZ1UT,E,DD,USD,0.058875
CFZADJ,E,DD,USD,0.0616
CFZADT,E,DD,USD,0.0616
CFZALE,E,DD,USD,0.0616
CFZCLE,E,DD,USD,0.058875
CFZCUJ,E,DD,USD,0.058875
CFZCUT,E,DD,USD,0.058875
CFZMPL,E,DD,USD,0.060625
CFZPAJ,E,DD,USD,0.060625
CFZPAT,E,DD,USD,0.060625
CFZSUE,E,DD,USD,0.060625
CFZSUG,E,DD,USD,0.060625
CFZ1AJ,C,DDD,PEN,0.05248125
CFZ1AT,C,DDD,PEN,0.05248125
CFZ1CE,C,DDD,PEN,0.051638462
CFZ1DJ,C,DDD,PEN,0.052503125
CFZ1DT,C,DDD,PEN,0.052503125
CFZ1LE,C,DDD,PEN,0.052503125
CFZ1UG,C,DDD,PEN,0.05248125
CFZ1UJ,C,DDD,PEN,0.051638462
CFZ1UT,C,DDD,PEN,0.051638462
CFZADJ,C,DDD,PEN,0.052503125
CFZADT,C,DDD,PEN,0.052503125
CFZALE,C,DDD,PEN,0.052503125
CFZCLE,C,DDD,PEN,0.051638462
CFZCUJ,C,DDD,PEN,0.051638462
CFZCUT,C,DDD,PEN,0.051638462
CFZMPL,C,DDD,PEN,0.05248125
CFZPAJ,C,DDD,PEN,0.05248125
CFZPAT,C,DDD,PEN,0.05248125
CFZSUE,C,DDD,PEN,0.05248125
CFZSUG,C,DDD,PEN,0.05248125
CFZ1AJ,C,DDD,USD,0.05248125
CFZ1AT,C,DDD,USD,0.05248125
CFZ1CE,C,DDD,USD,0.051638462
CFZ1DJ,C,DDD,USD,0.052503125
CFZ1DT,C,DDD,USD,0.052503125
CFZ1LE,C,DDD,USD,0.052503125
CFZ1UG,C,DDD,USD,0.05248125
CFZ1UJ,C,DDD,USD,0.051638462
CFZ1UT,C,DDD,USD,0.051638462
CFZADJ,C,DDD,USD,0.052503125
CFZADT,C,DDD,USD,0.052503125
CFZALE,C,DDD,USD,0.052503125
CFZCLE,C,DDD,USD,0.051638462
CFZCUJ,C,DDD,USD,0.051638462
CFZCUT,C,DDD,USD,0.051638462
CFZMPL,C,DDD,USD,0.05248125
CFZPAJ,C,DDD,USD,0.05248125
CFZPAT,C,DDD,USD,0.05248125
CFZSUE,C,DDD,USD,0.05248125
CFZSUG,C,DDD,USD,0.05248125
CFZ1AJ,E,DDD,PEN,0.0578125
CFZ1AT,E,DDD,PEN,0.0578125
CFZ1CE,E,DDD,PEN,0.0569375
CFZ1DJ,E,DDD,PEN,0.0583
CFZ1DT,E,DDD,PEN,0.0583
CFZ1LE,E,DDD,PEN,0.0583
CFZ1UG,E,DDD,PEN,0.0578125
CFZ1UJ,E,DDD,PEN,0.0569375
CFZ1UT,E,DDD,PEN,0.0569375
CFZADJ,E,DDD,PEN,0.0583
CFZADT,E,DDD,PEN,0.0583
CFZALE,E,DDD,PEN,0.0583
CFZCLE,E,DDD,PEN,0.0569375
CFZCUJ,E,DDD,PEN,0.0569375
CFZCUT,E,DDD,PEN,0.0569375
CFZMPL,E,DDD,PEN,0.0578125
CFZPAJ,E,DDD,PEN,0.0578125
CFZPAT,E,DDD,PEN,0.0578125
CFZSUE,E,DDD,PEN,0.0578125
CFZSUG,E,DDD,PEN,0.0578125
CFZ1AJ,E,DDD,USD,0.0578125
CFZ1AT,E,DDD,USD,0.0578125
CFZ1CE,E,DDD,USD,0.0569375
CFZ1DJ,E,DDD,USD,0.0583
CFZ1DT,E,DDD,USD,0.0583
CFZ1LE,E,DDD,USD,0.0583
CFZ1UG,E,DDD,USD,0.0578125
CFZ1UJ,E,DDD,USD,0.0569375
CFZ1UT,E,DDD,USD,0.0569375
CFZADJ,E,DDD,USD,0.0583
CFZADT,E,DDD,USD,0.0583
CFZALE,E,DDD,USD,0.0583
CFZCLE,E,DDD,USD,0.0569375
CFZCUJ,E,DDD,USD,0.0569375
CFZCUT,E,DDD,USD,0.0569375
CFZMPL,E,DDD,USD,0.0578125
CFZPAJ,E,DDD,USD,0.0578125
CFZPAT,E,DDD,USD,0.0578125
CFZSUE,E,DDD,USD,0.0578125
CFZSUG,E,DDD,USD,0.0578125
CFZ1AJ,C,EE,PEN,0.06240625
CFZ1AT,C,EE,PEN,0.06240625
CFZ1CE,C,EE,PEN,0.058192308
CFZ1DJ,C,EE,PEN,0.062515625
CFZ1DT,C,EE,PEN,0.062515625
CFZ1LE,C,EE,PEN,0.062515625
CFZ1UG,C,EE,PEN,0.06240625
CFZ1UJ,C,EE,PEN,0.058192308
CFZ1UT,C,EE,PEN,0.058192308
CFZADJ,C,EE,PEN,0.062515625
CFZADT,C,EE,PEN,0.062515625
CFZALE,C,EE,PEN,0.062515625
CFZCLE,C,EE,PEN,0.058192308
CFZCUJ,C,EE,PEN,0.058192308
CFZCUT,C,EE,PEN,0.058192308
CFZMPL,C,EE,PEN,0.06240625
CFZPAJ,C,EE,PEN,0.06240625
CFZPAT,C,EE,PEN,0.06240625
CFZSUE,C,EE,PEN,0.06240625
CFZSUG,C,EE,PEN,0.06240625
CFZ1AJ,C,EE,USD,0.06240625
CFZ1AT,C,EE,USD,0.06240625
CFZ1CE,C,EE,USD,0.058192308
CFZ1DJ,C,EE,USD,0.062515625
CFZ1DT,C,EE,USD,0.062515625
CFZ1LE,C,EE,USD,0.062515625
CFZ1UG,C,EE,USD,0.06240625
CFZ1UJ,C,EE,USD,0.058192308
CFZ1UT,C,EE,USD,0.058192308
CFZADJ,C,EE,USD,0.062515625
CFZADT,C,EE,USD,0.062515625
CFZALE,C,EE,USD,0.062515625
CFZCLE,C,EE,USD,0.058192308
CFZCUJ,C,EE,USD,0.058192308
CFZCUT,C,EE,USD,0.058192308
CFZMPL,C,EE,USD,0.06240625
CFZPAJ,C,EE,USD,0.06240625
CFZPAT,C,EE,USD,0.06240625
CFZSUE,C,EE,USD,0.06240625
CFZSUG,C,EE,USD,0.06240625
CFZ1AJ,E,EE,PEN,0.0690625
CFZ1AT,E,EE,PEN,0.0690625
CFZ1CE,E,EE,PEN,0.0646875
CFZ1DJ,E,EE,PEN,0.0715
CFZ1DT,E,EE,PEN,0.0715
CFZ1LE,E,EE,PEN,0.0715
CFZ1UG,E,EE,PEN,0.0690625
CFZ1UJ,E,EE,PEN,0.0646875
CFZ1UT,E,EE,PEN,0.0646875
CFZADJ,E,EE,PEN,0.0715
CFZADT,E,EE,PEN,0.0715
CFZALE,E,EE,PEN,0.0715
CFZCLE,E,EE,PEN,0.0646875
CFZCUJ,E,EE,PEN,0.0646875
CFZCUT,E,EE,PEN,0.0646875
CFZMPL,E,EE,PEN,0.0690625
CFZPAJ,E,EE,PEN,0.0690625
CFZPAT,E,EE,PEN,0.0690625
CFZSUE,E,EE,PEN,0.0690625
CFZSUG,E,EE,PEN,0.0690625
CFZ1AJ,E,EE,USD,0.0690625
CFZ1AT,E,EE,USD,0.0690625
CFZ1CE,E,EE,USD,0.0646875
CFZ1DJ,E,EE,USD,0.0715
CFZ1DT,E,EE,USD,0.0715
CFZ1LE,E,EE,USD,0.0715
CFZ1UG,E,EE,USD,0.0690625
CFZ1UJ,E,EE,USD,0.0646875
CFZ1UT,E,EE,USD,0.0646875
CFZADJ,E,EE,USD,0.0715
CFZADT,E,EE,USD,0.0715
CFZALE,E,EE,USD,0.0715
CFZCLE,E,EE,USD,0.0646875
CFZCUJ,E,EE,USD,0.0646875
CFZCUT,E,EE,USD,0.0646875
CFZMPL,E,EE,USD,0.0690625
CFZPAJ,E,EE,USD,0.0690625
CFZPAT,E,EE,USD,0.0690625
CFZSUE,E,EE,USD,0.0690625
CFZSUG,E,EE,USD,0.0690625
CFZ1AJ,C,EEE,PEN,0.059925
CFZ1AT,C,EEE,PEN,0.059925
CFZ1CE,C,EEE,PEN,0.056553846
CFZ1DJ,C,EEE,PEN,0.0600125
CFZ1DT,C,EEE,PEN,0.0600125
CFZ1LE,C,EEE,PEN,0.0600125
CFZ1UG,C,EEE,PEN,0.059925
CFZ1UJ,C,EEE,PEN,0.056553846
CFZ1UT,C,EEE,PEN,0.056553846
CFZADJ,C,EEE,PEN,0.0600125
CFZADT,C,EEE,PEN,0.0600125
CFZALE,C,EEE,PEN,0.0600125
CFZCLE,C,EEE,PEN,0.056553846
CFZCUJ,C,EEE,PEN,0.056553846
CFZCUT,C,EEE,PEN,0.056553846
CFZMPL,C,EEE,PEN,0.059925
CFZPAJ,C,EEE,PEN,0.059925
CFZPAT,C,EEE,PEN,0.059925
CFZSUE,C,EEE,PEN,0.059925
CFZSUG,C,EEE,PEN,0.059925
CFZ1AJ,C,EEE,USD,0.059925
CFZ1AT,C,EEE,USD,0.059925
CFZ1CE,C,EEE,USD,0.056553846
CFZ1DJ,C,EEE,USD,0.0600125
CFZ1DT,C,EEE,USD,0.0600125
CFZ1LE,C,EEE,USD,0.0600125
CFZ1UG,C,EEE,USD,0.059925
CFZ1UJ,C,EEE,USD,0.056553846
CFZ1UT,C,EEE,USD,0.056553846
CFZADJ,C,EEE,USD,0.0600125
CFZADT,C,EEE,USD,0.0600125
CFZALE,C,EEE,USD,0.0600125
CFZCLE,C,EEE,USD,0.056553846
CFZCUJ,C,EEE,USD,0.056553846
CFZCUT,C,EEE,USD,0.056553846
CFZMPL,C,EEE,USD,0.059925
CFZPAJ,C,EEE,USD,0.059925
CFZPAT,C,EEE,USD,0.059925
CFZSUE,C,EEE,USD,0.059925
CFZSUG,C,EEE,USD,0.059925
CFZ1AJ,E,EEE,PEN,0.06625
CFZ1AT,E,EEE,PEN,0.06625
CFZ1CE,E,EEE,PEN,0.06275
CFZ1DJ,E,EEE,PEN,0.0682
CFZ1DT,E,EEE,PEN,0.0682
CFZ1LE,E,EEE,PEN,0.0682
CFZ1UG,E,EEE,PEN,0.06625
CFZ1UJ,E,EEE,PEN,0.06275
CFZ1UT,E,EEE,PEN,0.06275
CFZADJ,E,EEE,PEN,0.0682
CFZADT,E,EEE,PEN,0.0682
CFZALE,E,EEE,PEN,0.0682
CFZCLE,E,EEE,PEN,0.06275
CFZCUJ,E,EEE,PEN,0.06275
CFZCUT,E,EEE,PEN,0.06275
CFZMPL,E,EEE,PEN,0.06625
CFZPAJ,E,EEE,PEN,0.06625
CFZPAT,E,EEE,PEN,0.06625
CFZSUE,E,EEE,PEN,0.06625
CFZSUG,E,EEE,PEN,0.06625
CFZ1AJ,E,EEE,USD,0.06625
CFZ1AT,E,EEE,USD,0.06625
CFZ1CE,E,EEE,USD,0.06275
CFZ1DJ,E,EEE,USD,0.0682
CFZ1DT,E,EEE,USD,0.0682
CFZ1LE,E,EEE,USD,0.0682
CFZ1UG,E,EEE,USD,0.06625
CFZ1UJ,E,EEE,USD,0.06275
CFZ1UT,E,EEE,USD,0.06275
CFZADJ,E,EEE,USD,0.0682
CFZADT,E,EEE,USD,0.0682
CFZALE,E,EEE,USD,0.0682
CFZCLE,E,EEE,USD,0.06275
CFZCUJ,E,EEE,USD,0.06275
CFZCUT,E,EEE,USD,0.06275
CFZMPL,E,EEE,USD,0.06625
CFZPAJ,E,EEE,USD,0.06625
CFZPAT,E,EEE,USD,0.06625
CFZSUE,E,EEE,USD,0.06625
CFZSUG,E,EEE,USD,0.06625
