codproducto,agrupacion,tipbanca
PRLCPC,CT,E
PRLPRO,FMyLP,E
DPACAT,CT,E
DPAINV,CT,E
PAGCAT,CT,E
PAGCR1,CT,E
PAGCT7,CT,E
PAGEMP,CT,E
PAGINV,CT,E
PRLADE,CT,E
PRLCA5,CT,E
PRLCA6,CT,E
PRLCA7,CT,E
PRLCA8,CT,E
PRLCAT,CT,E
PRLCR1,CT,E
PRLINV,CT,E
PAGCAF,CT,E
DLEACE,Dscto. Letras,E
DLECAM,Dscto. Letras,E
PRLPO1,Exportacion,E
PRLPO2,Exportacion,E
PRLPO3,Exportacion,E
PRLPO4,Exportacion,E
PRLPOS,Exportacion,E
PRLPR1,Exportacion,E
PRLPR2,Exportacion,E
PRLPR3,Exportacion,E
PRLPR4,Exportacion,E
PRLPRE,Exportacion,E
PRLSP1,Exportacion,E
PRLSPM,Exportacion,E
PRLPOC,Exportacion,E
PRLPRC,Exportacion,E
PRLPSP,Exportacion,E
DPAAGR,FA,E
PAGAGF,FA,E
PAGAGR,FA,E
PRLAG4,FA,E
PRLAG9,FA,E
PRLAGR,FA,E
FEDCAT,Fin. Elec. Compras,E
PAEPPL,Fin. Elec. Compras,E
PAEPPX,Fin. Elec. Compras,E
PAGELE,Fin. Elec. Compras,E
PAGMPL,FMyLP,E
PAGVAM,FMyLP,E
PREFEX,FMyLP,E
PREFOX,FMyLP,E
PRLCIV,FMyLP,E
PRLFM1,FMyLP,E
PRLFM2,FMyLP,E
PRLFM3,FMyLP,E
PRLFM4,FMyLP,E
PRLFMP,FMyLP,E
PRLINE,FMyLP,E
PRLLCA,FMyLP,E
PRLML1,FMyLP,E
PRLML2,FMyLP,E
PRLML3,FMyLP,E
PRLML4,FMyLP,E
PRLMLP,FMyLP,E
PRLMR1,FMyLP,E
SINPAC,FMyLP,E
SINPAR,FMyLP,E
PRLCRE,FMyLP,E
PAGIMP,Importacion,E
PRLIM2,Importacion,E
PRLIM3,Importacion,E
PRLIM4,Importacion,E
PRLIMP,Importacion,E
PAGIMC,Importacion,E
AFBXXX,Leasing,E
PAGFF1,Reactiva,E
PAGFFC,Reactiva,E
CCRSBY,Standby,E
CDIACE,,E
CDIVIS,,E
CFZ1AJ,Fianza,E
CFZ1AT,Fianza,E
CFZ1CE,Fianza,E
CFZ1DJ,Fianza,E
CFZ1DT,Fianza,E
CFZ1LE,Fianza,E
CFZ1UG,Fianza,E
CFZ1UJ,Fianza,E
CFZ1UT,Fianza,E
CFZADJ,Fianza,E
CFZADT,Fianza,E
CFZALE,Fianza,E
CFZCLE,Fianza,E
CFZCUJ,Fianza,E
CFZCUT,Fianza,E
CFZMPL,Fianza,E
CFZPAJ,Fianza,E
CFZPAT,Fianza,E
CFZSUE,Fianza,E
CFZSUG,Fianza,E
PAGFFC,,E
PAGFF2,,E
PAGRPF,CT,E
PRLRPF,FMyLP,E
PRLCPC,CT,C
PRLPRO,FMyLP,C
DPACAT,CT,C
DPAINV,CT,C
PAGCAT,CT,C
PAGCR1,CT,C
PAGCT7,CT,C
PAGEMP,CT,C
PAGINV,CT,C
PRLADE,CT,C
PRLCA5,CT,C
PRLCA6,CT,C
PRLCA7,CT,C
PRLCA8,CT,C
PRLCAT,CT,C
PRLCR1,CT,C
PRLINV,CT,C
PAGCAF,CT,C
DLEACE,Dscto. Letras,C
DLECAM,Dscto. Letras,C
PRLPO1,Exportacion,C
PRLPO2,Exportacion,C
PRLPO3,Exportacion,C
PRLPO4,Exportacion,C
PRLPOS,Exportacion,C
PRLPR1,Exportacion,C
PRLPR2,Exportacion,C
PRLPR3,Exportacion,C
PRLPR4,Exportacion,C
PRLPRE,Exportacion,C
PRLSP1,Exportacion,C
PRLSPM,Exportacion,C
PRLPOC,Exportacion,C
PRLPRC,Exportacion,C
PRLPSP,Exportacion,C
DPAAGR,FA,C
PAGAGF,FA,C
PAGAGR,FA,C
PRLAG4,FA,C
PRLAG9,FA,C
PRLAGR,FA,C
FEDCAT,Fin. Elec. Compras,C
PAEPPL,Fin. Elec. Compras,C
PAEPPX,Fin. Elec. Compras,C
PAGELE,Fin. Elec. Compras,C
PAGMPL,FMyLP,C
PAGVAM,FMyLP,C
PREFEX,FMyLP,C
PREFOX,FMyLP,C
PRLCIV,FMyLP,C
PRLFM1,FMyLP,C
PRLFM2,FMyLP,C
PRLFM3,FMyLP,C
PRLFM4,FMyLP,C
PRLFMP,FMyLP,C
PRLINE,FMyLP,C
PRLLCA,FMyLP,C
PRLML1,FMyLP,C
PRLML2,FMyLP,C
PRLML3,FMyLP,C
PRLML4,FMyLP,C
PRLMLP,FMyLP,C
PRLMR1,FMyLP,C
SINPAC,FMyLP,C
SINPAR,FMyLP,C
PRLCRE,FMyLP,C
PAGIMP,Importacion,C
PRLIM2,Importacion,C
PRLIM3,Importacion,C
PRLIM4,Importacion,C
PRLIMP,Importacion,C
PAGIMC,Importacion,C
AFBXXX,Leasing,C
PAGFF1,Reactiva,C
PAGFFC,Reactiva,C
CCRSBY,Standby,C
CDIACE,,C
CDIVIS,,C
CFZ1AJ,Fianza,C
CFZ1AT,Fianza,C
CFZ1CE,Fianza,C
CFZ1DJ,Fianza,C
CFZ1DT,Fianza,C
CFZ1LE,Fianza,C
CFZ1UG,Fianza,C
CFZ1UJ,Fianza,C
CFZ1UT,Fianza,C
CFZADJ,Fianza,C
CFZADT,Fianza,C
CFZALE,Fianza,C
CFZCLE,Fianza,C
CFZCUJ,Fianza,C
CFZCUT,Fianza,C
CFZMPL,Fianza,C
CFZPAJ,Fianza,C
CFZPAT,Fianza,C
CFZSUE,Fianza,C
CFZSUG,Fianza,C
PAGFFC,,C
PAGFF2,,C
PAGRPF,CT,C
PRLRPF,FMyLP,C
DLEACE,Dscto. Letras,N
DLECAM,Dscto. Facturas,N
DPAAGR,FA,N
DPACAT,CT,N
DPAINV,CT,N
FEDCAT,Autodesembolso,N
PAEPLC,Fin. Elec. Compras,N
PAEPPL,Fin. Elec. Compras,N
PAEPPX,Fin. Elec. Compras,N
PAEPXC,Fin. Elec. Compras,N
PAGAGF,FA,N
PAGCAE,CT,N
PAGCAF,CT,N
PAGCAT,CT,N
PAGELC,Fin. Elec. Compras,N
PAGELE,Fin. Elec. Compras,N
PAGEMP,CT,N
PAGFF1,CT,N
PAGIMC,CT,N
PAGIMP,Comex,N
PAGINV,CT,N
PAGRPF,CT,N
PRLADE,CT,N
PRLCAT,CT,N
PRLCPC,Crediobra,N
PRLIMP,Comex,N
PRLINV,CT,N
PRLPOC,Comex,N
PRLPOS,Comex,N
PRLPRC,Comex,N
PRLPRE,Comex,N
PRLPSP,Comex,N
PRLSPM,Comex,N
