﻿tipbanca,codproducto,codmoneda,nombre_curva
C,AFBXXX,1,TT Leasing Soles
C,AFBXXX,1001,TT Leasing USD
C,PAEPPX,1001,INT TT COMEX ME
C,PAGIMC,1001,INT TT COMEX ME
C,PAGIMP,1001,INT TT COMEX ME
C,PRLIMP,1001,INT TT COMEX ME
C,PRLPOC,1001,INT TT COMEX ME
C,PRLPOS,1001,INT TT COMEX ME
C,PRLPRC,1001,INT TT COMEX ME
C,PRLPRE,1001,INT TT COMEX ME
C,PRLPSP,1001,INT TT COMEX ME
C,PRLSPM,1001,INT TT COMEX ME
E,AFBXXX,1,TT Leasing Soles
E,AFBXXX,1001,TT Leasing USD
E,PAEPPX,1001,INT TT COMEX ME
E,PAGIMC,1001,INT TT COMEX ME
E,PAGIMP,1001,INT TT COMEX ME
E,PRLIMP,1001,INT TT COMEX ME
E,PRLPOC,1001,INT TT COMEX ME
E,PRLPOS,1001,INT TT COMEX ME
E,PRLPRC,1001,INT TT COMEX ME
E,PRLPRE,1001,INT TT COMEX ME
E,PRLPSP,1001,INT TT COMEX ME
E,PRLSPM,1001,INT TT COMEX ME
N,AFBVEH,1,TT Leasing Soles
N,AFBVEH,1001,TT Leasing USD
N,AFBXXX,1,TT Leasing Soles
N,AFBXXX,1001,TT Leasing USD
N,PAEPPX,1001,INT TT COMEX ME
N,PAEPXC,1001,INT TT COMEX ME
N,PAGIMC,1001,INT TT COMEX ME
N,PAGIMP,1001,INT TT COMEX ME
N,PRLIMP,1001,INT TT COMEX ME
N,PRLPOC,1001,INT TT COMEX ME
N,PRLPOS,1001,INT TT COMEX ME
N,PRLPRC,1001,INT TT COMEX ME
N,PRLPRE,1001,INT TT COMEX ME
N,PRLPSP,1001,INT TT COMEX ME
N,PRLSPM,1001,INT TT COMEX ME