codproducto,ifrs9,tipoifrs
BIBAER,Otros,4
BIBEMB,Otros,4
BIBIND,Otros,4
BIBINF,Otros,4
BIBINM,CRE,2
BIBMOV,Otros,4
BIBOFI,Otros,4
BIBOTR,Otros,4
BIBTUR,CRE,2
BIBVEH,Otros,4
BIEIND,Otros,4
BIEINF,Otros,4
BIEINM,CRE,2
BIEOFI,Otros,4
BIEVEH,Otros,4
CGAR01,Derecho de cobro,3
CGAR02,Derecho de cobro,3
CGAR11,Derecho de cobro,3
CGAR12,Derecho de cobro,3
CGAR21,Derecho de cobro,3
CGAR22,Derecho de cobro,3
CGAR23,Derecho de cobro,3
CGAR24,Derecho de cobro,3
CGAR41,Derecho de cobro,3
CGAR42,Derecho de cobro,3
CGAR56,Derecho de cobro,3
CGAR57,Derecho de cobro,3
CGAR68,Derecho de cobro,3
CGAR69,Derecho de cobro,3
CGAR76,Derecho de cobro,3
CGAR77,Derecho de cobro,3
CGAR78,Derecho de cobro,3
CGAR79,Derecho de cobro,3
CGAR86,Derecho de cobro,3
CGAR87,Derecho de cobro,3
CGAR88,Derecho de cobro,3
CGAR89,Derecho de cobro,3
CGAR96,Derecho de cobro,3
CGAR97,Derecho de cobro,3
CGAR98,Derecho de cobro,3
CGAR99,Derecho de cobro,3
CGCLET,Derecho de cobro,3
CMFLET,Otros,4
CMFLEL,Otros,4
COBLAC,Derecho de cobro,3
COBLXA,Derecho de cobro,3
DEPAAT,Colateral financiero admisible,1
DEPCBL,Colateral financiero admisible,1
DEPCBM,Colateral financiero admisible,1
DEPEXC,Colateral financiero admisible,1
DEPLEA,Colateral financiero admisible,1
DEPMIA,Colateral financiero admisible,1
DEPNAL,Colateral financiero admisible,1
DEPNAS,Colateral financiero admisible,1
DEPOTR,Colateral financiero admisible,1
DEPPAN,Colateral financiero admisible,1
DEPPLE,Colateral financiero admisible,1
DEPPLL,Colateral financiero admisible,1
DEPPLZ,Colateral financiero admisible,1
DEPPME,Colateral financiero admisible,1
DEPPZO,Colateral financiero admisible,1
DEPSPE,Colateral financiero admisible,1
DEPEXL,Colateral financiero admisible,1
DEXCDE,Derecho de cobro,3
DEXCDR,Derecho de cobro,3
DEXCDS,Derecho de cobro,3
DEXCOE,Derecho de cobro,3
DGAR01,Colateral financiero admisible,1
DGAR02,Colateral financiero admisible,1
DGAR11,Colateral financiero admisible,1
DGAR12,Colateral financiero admisible,1
DGAR21,Colateral financiero admisible,1
DGAR22,Colateral financiero admisible,1
DGAR23,Colateral financiero admisible,1
DGAR24,Colateral financiero admisible,1
DGAR41,Colateral financiero admisible,1
DGAR42,Colateral financiero admisible,1
DGAR56,Colateral financiero admisible,1
DGAR57,Colateral financiero admisible,1
DGAR68,Colateral financiero admisible,1
DGAR69,Colateral financiero admisible,1
DGAR76,Colateral financiero admisible,1
DGAR77,Colateral financiero admisible,1
DGAR78,Colateral financiero admisible,1
DGAR79,Colateral financiero admisible,1
DGAR86,Colateral financiero admisible,1
DGAR87,Colateral financiero admisible,1
DGAR88,Colateral financiero admisible,1
DGAR89,Colateral financiero admisible,1
DGAR96,Colateral financiero admisible,1
DGAR97,Colateral financiero admisible,1
DGAR98,Colateral financiero admisible,1
DGAR99,Colateral financiero admisible,1
FDDNAS,Colateral financiero admisible,1
FDDOTR,Colateral financiero admisible,1
FDDCBM,Colateral financiero admisible,1
FDDEXC,Colateral financiero admisible,1
FDDPLE,Colateral financiero admisible,1
FDDPLZ,Colateral financiero admisible,1
FDIFDA,CRE,2
FDILOC,CRE,2
FDIMIN,Otros,4
FDINAV,Otros,4
FDINPR,Otros,4
FDITCM,CRE,2
FDITRS,CRE,2
FDITRU,CRE,2
FDITUR,CRE,2
FDIVIV,CRE,2
FDMAIS,Colateral financiero admisible,1
FDMBPR,Otros,4
FDMBPU,Colateral financiero admisible,1
FDMEXC,Colateral financiero admisible,1
FDMFLJ,Colateral financiero admisible,1
FDMFLL,Colateral financiero admisible,1
FDMIND,Otros,4
FDMMIN,Otros,4
FDMMMQ,Otros,4
FDMMQ1,Otros,4
FDMMYP,Otros,4
FDMNAV,Otros,4
FDMNOC,Otros,4
FDMPLE,Colateral financiero admisible,1
FDMPLZ,Colateral financiero admisible,1
FDMTRA,Otros,4
FDMVEH,Otros,4
FDMFNP,Otros,4
FDVCBM,Colateral financiero admisible,1
FDVCDF,Colateral financiero admisible,1
FDVCDN,Colateral financiero admisible,1
FDVCDP,Colateral financiero admisible,1
FDVCPB,Colateral financiero admisible,1
FDVNOC,Otros,4
FDVAIS,Colateral financiero admisible,1
FDVBPR,Otros,4
FDVBPU,Colateral financiero admisible,1
FZABCG,Colateral financiero admisible,1
FZABNA,Colateral financiero admisible,1
FZACFH,Colateral financiero admisible,1
FZABNL,Colateral financiero admisible,1
FZAFNA,Colateral financiero admisible,1
FZALEA,Colateral financiero admisible,1
FZAUSL,Colateral financiero admisible,1
HIPAER,Otros,4
HIPEST,CRE,2
HIPFDA,CRE,2
HIPLOC,CRE,2
HIPLOL,CRE,2
HIPMIN,Otros,4
HIPMVV,CRE,2
HIPNAE,CRE,2
HIPNAV,Otros,4
HIPNPL,Otros,4
HIPNPR,Otros,4
HIPSRP,Otros,4
HIPT01,Otros,4
HIPTCH,Otros,4
HIPS01,CRE,2
HIPTCM,CRE,2
HIPTHL,Otros,4
HIPTHT,Otros,4
HIPTHV,Otros,4
HIPTRE,Otros,4
HIPTRS,CRE,2
HIPTRU,CRE,2
HIPTUE,CRE,2
HIPTUL,CRE,2
HIPTUR,CRE,2
HIPVI1,CRE,2
HIPVIE,CRE,2
HIPVIR,CRE,2
HIPVIS,CRE,2
HIPVIV,CRE,2
HIPVIL,CRE,2
MOBAC1,Otros,4
MOBAC2,Otros,4
MOBACC,Colateral financiero admisible,1
MOBACE,Colateral financiero admisible,1
MOBACL,Colateral financiero admisible,1
MOBAER,Otros,4
MOBAGR,Otros,4
MOBAHO,Otros,4
MOBAIS,Otros,4
MOBAMQ,Otros,4
MOBBP1,Otros,4
MOBBP2,Colateral financiero admisible,1
MOBBPR,Otros,4
MOBBPU,Colateral financiero admisible,1
MOBEXC,Colateral financiero admisible,1
MOBEXL,Colateral financiero admisible,1
MOBFLJ,Colateral financiero admisible,1
MOBFCN,Colateral financiero admisible,1
MOBFLL,Colateral financiero admisible,1
MOBGYF,Otros,4
MOBIND,Otros,4
MOBINL,Otros,4
MOBMER,Otros,4
MOBMIN,Otros,4
MOBMMQ,Otros,4
MOBMPT,Otros,4
MOBMQ1,Otros,4
MOBMQL,Otros,4
MOBMYP,Otros,4
MOBNAL,Otros,4
MOBNAV,Otros,4
MOBNOC,Otros,4
MOBNPL,Otros,4
MOBNPR,Otros,4
MOBOTR,Otros,4
MOBPEC,Otros,4
MOBPEU,Colateral financiero admisible,1
MOBPLE,Colateral financiero admisible,1
MOBPLL,Colateral financiero admisible,1
MOBPLZ,Colateral financiero admisible,1
MOBPZO,Colateral financiero admisible,1
MOBTRA,Otros,4
MOBEMB,Otros,4
MOBTRL,Otros,4
MOBVEH,Otros,4
MOBVEL,Otros,4
PDAAGE,Otros,4
PDAAGR,Otros,4
PDAAME,Otros,4
PDAAMQ,Otros,4
PDAGYE,Otros,4
PDAGYF,Otros,4
PDAIDE,Otros,4
PDAIND,Otros,4
PDAINE,Otros,4
PDAINS,Otros,4
PDAMEE,Otros,4
PDAMER,Otros,4
PDAMIE,Otros,4
PDAMIN,Otros,4
PDAMMQ,Otros,4
PDAMPT,Otros,4
PDAMQ1,Otros,4
PDAMYE,Otros,4
PDAMYP,Otros,4
PDANPL,Otros,4
PDANPR,Otros,4
PDAPEC,Otros,4
PDATIL,Otros,4
PDATRA,Otros,4
PDAVEE,Otros,4
PDAVEH,Otros,4
PDAVEL,Otros,4
PDAVES,Otros,4
SBYBEL,Colateral financiero admisible,1
SBYBEX,Colateral financiero admisible,1
SBYIEX,Colateral financiero admisible,1
SBYILO,Colateral financiero admisible,1
SBYSCL,Colateral financiero admisible,1
SBYSCO,Colateral financiero admisible,1
SEGEX1,Derecho de cobro,3
SEGEX2,Derecho de cobro,3
VALAC1,Otros,4
VALACC,Colateral financiero admisible,1
VALACE,Otros,4
VALACL,Colateral financiero admisible,1
VALADR,Colateral financiero admisible,1
VALAIS,Colateral financiero admisible,1
VALBPL,Otros,4
VALBPR,Otros,4
VALCBL,Colateral financiero admisible,1
VALCBM,Colateral financiero admisible,1
VALCBX,Colateral financiero admisible,1
VALCDF,Colateral financiero admisible,1
VALCDN,Colateral financiero admisible,1
VALCF1,Colateral financiero admisible,1
VALFG1,Otros,4
VALFG2,Otros,4
VALNOC,Otros,4
VALBPU,Colateral financiero admisible,1
WARCO1,Derecho de cobro,3
WARCO2,Derecho de cobro,3
WARCO3,Derecho de cobro,3
WARCO4,Derecho de cobro,3
WARIP1,Derecho de cobro,3
WARIP2,Derecho de cobro,3
WARIP3,Derecho de cobro,3
WARIP4,Derecho de cobro,3
WARMP1,Derecho de cobro,3
WARMP2,Derecho de cobro,3
WARMP3,Derecho de cobro,3
WARMP4,Derecho de cobro,3
WARPT1,Derecho de cobro,3
WARPT2,Derecho de cobro,3
WARPT3,Derecho de cobro,3
WARPT4,Derecho de cobro,3
WARPT8,Derecho de cobro,3
WARSAE,Derecho de cobro,3
WARSAN,Derecho de cobro,3
WARCO9,Derecho de cobro,3
WARIP5,Derecho de cobro,3
WARMP8,Derecho de cobro,3
MOBGMA,Colateral financiero admisible,1
SEGCRE,Derecho de cobro,3
