﻿codproducto,grupo
DEPCBL,GAL
DEPCBM,GAL
DEPEXC,GAL
DEPEXL,GAL
DEPLEA,GAL
DEPMIA,GAL
DEPNAL,GAL
DEPNAS,GAL
DEPPAN,GAL
DEPPLE,GAL
DEPPLL,GAL
DEPPLZ,GAL
DEPPME,GAL
DEPSPE,GAL
DGAR01,GAL
DGAR02,GAL
DGAR11,GAL
DGAR12,GAL
DGAR21,GAL
DGAR22,GAL
DGAR23,GAL
DGAR24,GAL
DGAR41,GAL
DGAR42,GAL
DGAR56,GAL
DGAR57,GAL
DGAR68,GAL
DGAR69,GAL
DGAR76,GAL
DGAR77,GAL
DGAR78,GAL
DGAR79,GAL
DGAR86,GAL
DGAR87,GAL
DGAR88,GAL
DGAR89,GAL
DGAR96,GAL
DGAR97,GAL
DGAR98,GAL
DGAR99,GAL
FDDCBM,GAL
FDDEXC,GAL
FDDNAS,GAL
FDDOTR,GAL
FDDPLE,GAL
FDDPLZ,GAL
FDMEXC,GAL
FDMPLE,GAL
FDMPLZ,GAL
FDVCBM,GAL
FDVCDF,GAL
FDVCDN,GAL
FZABCG,GAL
FZABNA,GAL
FZABNL,GAL
FZAFNA,GAL
FZALEA,GAL
FZAUSL,GAL
MOBAHO,GAL
MOBEXC,GAL
MOBPLE,GAL
MOBPLL,GAL
MOBPLZ,GAL
SBYBEL,GAL
SBYBEX,GAL
SBYIEX,GAL
SBYILO,GAL
SBYSCL,GAL
SBYSCO,GAL
VALADR,GAL
VALCBL,GAL
VALCBM,GAL
VALCDN,GAL
DEPAAT,GAL
DEPGTA,GAL
DEPOTR,GAL
DEPPZO,GAL
SEGCRE,GAL
FZACFH,GAL
DEPCER,GAL
DEPCRE,GAL
DEPLEL,GAL
DEPOTL,GAL
DEPPAG,GAL
FZABEX,GAL
FZAPJU,GAL
FZAPNA,GAL
FZAUSA,GAL
FDDOTL,GAL
BIBEMB,BIB
BIBINM,BIB
BIBTUR,BIB
HIPEST,HIP
HIPFDA,HIP
HIPLOC,HIP
HIPLOL,HIP
HIPMVV,HIP
HIPS01,HIP
HIPTCH,HIP
HIPTCM,HIP
HIPTHL,HIP
HIPTHT,HIP
HIPTHV,HIP
HIPTRE,HIP
HIPTRS,HIP
HIPTRU,HIP
HIPTUE,HIP
HIPTUL,HIP
HIPTUR,HIP
HIPVIE,HIP
HIPVIL,HIP
HIPVIR,HIP
HIPVIS,HIP
HIPVIV,HIP
HIPVI1,HIP
HIPNAV,HIP
FDIFDA,HIP
FDILOC,HIP
FDIMIN,HIP
FDINAV,HIP
FDITCM,HIP
FDITRS,HIP
FDITRU,HIP
FDITUR,HIP
FDIVIV,HIP
MOBACC,MOB
MOBACE,MOB
MOBACL,MOB
MOBAIS,MOB
MOBNAV,MOB
VALCBX,VAL
VALCDF,VAL
VALCF1,VAL
VALFG2,VAL
WARCO1,VAL
WARCO2,VAL
WARCO3,VAL
WARCO4,VAL
WARCO9,VAL
WARIP1,VAL
WARIP2,VAL
WARIP3,VAL
WARIP4,VAL
WARIP5,VAL
WARMP1,VAL
WARMP2,VAL
WARMP3,VAL
WARMP4,VAL
WARMP8,VAL
WARPT1,VAL
WARPT2,VAL
WARPT3,VAL
WARPT4,VAL
WARPT8,VAL
WARSAE,VAL
WARSAN,VAL
VALACC,G1
VALBPR,G1
VALAIS,G1
VALACL,G1
SEGEX1,G1
SEGEX2,G1
DEXCDS,G1
FDMAIS,G1
FDMBPR,G1
FDMBPU,G1
FDVAIS,G1
FDVBPR,G1
FDVBPU,G1
MOBAC1,G1
MOBAC2,G1
MOBBP1,G1
MOBBP2,G1
MOBEXL,G1
MOBFCN,G1
MOBPEU,G1
MOBPZO,G1
VALAC1,G1
DEXCDE,G1
DEXCDR,G1
DEXCOE,G1
VALBPL,G1
VALBPU,G1
DEXCDM,G1
DEXCOM,G1
VALBP1,G1
VALBP2,G1
WARCO5,G1
WARCO8,G1
WARMP6,G1
BIEINM,G2
CGAR01,G2
CGAR98,G2
COBLAC,G2
COBLXA,G2
CGAR56,G2
CGAR99,G2
CGAR02,G2
CGAR21,G2
CGAR23,G2
CGAR24,G2
CGAR41,G2
CGAR79,G2
CGAR97,G2
FDMFLJ,G2
MOBFLJ,G2
CGAR78,G2
CGAR77,G2
CGAR96,G2
CGAR88,G2
CGAR69,G2
CGAR76,G2
CGAR68,G2
CGAR86,G2
CGAR11,G2
CGAR12,G2
CGAR89,G2
CGAR42,G2
CGAR22,G2
CGAR87,G2
MOBAER,G2
MOBNAL,G2
BIEEMB,G2
BIETUR,G2
WARPT6,G2
WARPT7,G2
PDAMIN,G3
HIPMIN,G3
FDMIND,G3
FDMFLL,G3
PDAMYP,G3
FDMMYP,G3
FDMMPT,G4
BIEMOV,G4
MOBMER,G4
FDMFNP,G4
FDMVEH,G4
BIEIND,G4
PDAMPT,G4
BIEVEH,G4
BIBVEH,G4
PDAMER,G4
PDAMEE,G4
FDMMIN,G4
MOBMIN,G4
HIPT01,G4
BIBIND,G4
BIBMOV,G4
MOBVEH,G4
PDAVEE,G4
PDATRA,G4
FDMNAV,G4
BIBAER,G4
HIPSRP,G4
HIPAER,G4
HIPSOC,G4
PDAVEH,G4
PDAVEL,G4
PDAVES,G4
CMFLEL,G4
FDINPR,G4
FDMMMQ,G4
FDVNOC,G4
MOBBPU,G4
MOBEMB,G4
MOBGMP,G4
MOBOTR,G4
PDAMQL,G4
VALFG1,G4
MOBNOC,G4
MOBBPR,G4
CMFLET,G4
FDMMQ1,G4
FDMNOC,G4
MOBGYF,G4
MOBIND,G4
MOBMQ1,G4
MOBAGR,G4
BIBOFI,G4
PDAAGR,G4
PDAGYF,G4
PDAIND,G4
MOBMYP,G4
BIBOTR,G4
BIBINF,G4
VALNOC,G4
FDVCDP,G4
MOBGMA,G4
PDAPEC,G4
PDAAMQ,G4
MOBMPT,G4
MOBAMQ,G4
PDAINS,G4
MOBFLL,G4
CGAR57,G4
PDAINE,G4
MOBPEC,G4
PDAAGE,G4
PDAMQ1,G4
PDAIDE,G4
PDATIL,G4
PDAGYE,G4
CGCLET,G4
MOBMMQ,G4
MOBTRA,G4
PDAAME,G4
PDAMMQ,G4
VALACE,G4
HIPNAE,G4
FDMTRA,G4
HIPNPL,G4
HIPNPR,G4
PDANPL,G4
PDANPR,G4
MOBINL,G4
MOBMQL,G4
MOBNPL,G4
MOBTRL,G4
MOBVEL,G4
PDAMIE,G4
PDAMYE,G4
BIEINF,G4
BIEOFI,G4
FDVCPB,G4
MOBNPR,G4
BIEAER,G4
BIEOTR,G4
PDAINL,G4