codproducto,pctccf,tipocobro
AFBXXX,1,V
CCRSBY,1,A
CDIACE,1,V
CDIVIS,0.5,V
CFZ1AJ,0.2,A
CFZ1AT,0.2,A
CFZ1CE,0.25,A
CFZ1DJ,0.2,A
CFZ1DT,0.2,A
CFZ1LE,0.25,A
CFZ1UG,0.5,A
CFZ1UJ,0.2,A
CFZ1UT,0.2,A
CFZADJ,0.2,V
CFZADT,0.2,V
CFZALE,0.2,V
CFZCLE,0.2,V
CFZCUJ,0.2,V
CFZCUT,0.2,V
CFZMPL,0.5,V
CFZPAJ,0.2,V
CFZPAT,0.2,V
CFZSUE,0.5,V
CFZSUG,0.5,V
DLEACE,1,V
DLECAM,1,V
DPAAGR,1,V
DPACAT,1,V
DPAINV,1,V
FEDCAT,1,V
PAEPPL,1,V
PAEPPX,1,V
PAGAGF,1,V
PAGCAF,1,V
PAGCAT,1,V
PAGELE,1,V
PAGEMP,1,V
PAGIMC,1,V
PAGIMP,1,V
PAGINV,1,V
PAGMPL,1,V
PAGRPF,1,V
PAGVAM,1,V
PREFEX,1,V
PREFOX,1,V
PRLADE,1,V
PRLAG9,1,V
PRLCAT,1,V
PRLCIV,1,V
PRLCPC,1,V
PRLCRE,1,V
PRLFM1,1,V
PRLFMP,1,V
PRLIMP,1,V
PRLINE,1,V
PRLINV,1,V
PRLML1,1,V
PRLMLP,1,V
PRLPOC,1,V
PRLPOS,1,V
PRLPRC,1,V
PRLPRE,1,V
PRLPRO,1,V
PRLPSP,1,V
PRLRPF,1,V
PRLSPM,1,V
SINPAC,1,V
SINPAR,1,V