Min_Rate,Interest_Income,Cost_of_Funds,NPV,IRR,ROA,ROE,Net_Profit,ECAP,Loss_Rate,Target_IRR,TT,REQUEST_ID,clv_tea,wtp_tea,cluster,wtp_irr,wtp_npv
NaN,NaN,NaN,0.0,-1,NaN,NaN,-1471.9420060860834,533.8484529159454,NaN,NaN,0.05631656956980069,1_1,NaN,-1,-1,-1,-1
0.525,NaN,NaN,391.4671606312486,NaN,NaN,NaN,441.00688164332314,596.013477761385,NaN,0.40000000000000013,NaN,1_2,0.525,-1,-1,-1,-1
0.51,NaN,NaN,303.4320316542048,NaN,NaN,NaN,391.15666935216404,594.6097254997806,NaN,0.34999999999999987,NaN,1_3,0.51,-1,-1,-1,-1
0.46,NaN,NaN,6.510937957496026,NaN,NaN,NaN,223.11156366232012,589.8043763136549,NaN,0.18999999999999972,NaN,1_4,0.46,-1,-1,-1,-1
