﻿CANAL,Bucket Desembolso,min,max,comision
PLATAFORMA,1,0,24999,0.0055
PLATAFORMA,2,24999,87499,0.0057
PLATAFORMA,3,87500,199999,0.006
PLATAFORMA,4,200000,1000000,0.0066
BEX,1,0,24999,0
BEX,2,24999,87499,0
BEX,3,87500,199999,0
BEX,4,200000,1000000,0
VENTAS DIRIGIDAS,1,0,24999,0.0059
VENTAS DIRIGIDAS,2,24999,87499,0.0059
VENTAS DIRIGIDAS,3,87500,199999,0.0062
VENTAS DIRIGIDAS,4,200000,1000000,0.0062
ENALTA,1,0,24999,0
ENALTA,2,24999,87499,0
ENALTA,3,87500,199999,0
ENALTA,4,200000,1000000,0
PRIVADA,1,0,24999,0
PRIVADA,2,24999,87499,0
PRIVADA,3,87500,199999,0
PRIVADA,4,200000,1000000,0
INBOUND,1,0,24999,0
INBOUND,2,24999,87499,0
INBOUND,3,87500,199999,0
INBOUND,4,200000,1000000,0
PONDERADO,1,0,24999,0.0021
PONDERADO,2,24999,87499,0.0021
PONDERADO,3,87500,199999,0.0022
PONDERADO,4,200000,1000000,0.0022
LOANS,1,0,24999,0
LOANS,2,24999,87499,0
LOANS,3,87500,199999,0
LOANS,4,200000,1000000,0