cluster,intercepto,root_root_tea,root_rcc_mto_cnt_rltc_pym_min_u12,root_rcc_sow_pym_bcp_prm_u12,root_root_rcc_mto_sld_nbcp,d_rcc_pct_utl_lin_pym_tcr_bcp_prm_u3m_1,root_antiguedad_meses,cat_zona_app_agp_f_LIMA_MODERNA,root_root_prod_antmin_pym,root_root_num_cancelaciones_12m,root_prod_antmax_pas,root_root_can_mto_tmo_ven_ret_prm_u12,root_root_can_tkt_tmo_ven_dep_prm_u12,root_root_tt,root_root_tea_ing_ult12m,root_root_dm_tea_ing_ind_shopper_015,dm_tea_montodesemsol_200k,root_root_ing_ult12m,root_tea,root_root_ventas_sol,root_rcc_ctd_deu_pym_bm_prm_u12,rcc_sow_pym_bcp_prm_u12,root_rcc_ctd_deu_bcp,root_root_prod_mto_sld_cen_prm_u6m,root_root_rcc_mto_sld_pym_bcp_prm_u3m,act_eco_fin_COMERCIO,root_root_rcc_ctd_cnt_rlpr_pym_rec,cat_zona_app_agp_f_SELVA,root_root_ind_shopper_bank,root_dm_tea_rcc_mto_sld_nbcp_40k,root_rcc_ctd_deu_nbcp,root_rcc_ctd_gar,root_prod_ctd_sld_cct_prm_u6m,root_prod_antmax_cvi_prm_u12,root_root_rcc_mto_sld_pym,root_root_tea_ind_shopper,root_tea_montodesemsol,root_root_rcc_mto_cnt_rltc_pym_min_u12,root_root_fad_sol,root_prod_antmax_cct,root_root_tea_montodesemsol,root_root_tea_rcc_mto_sld_nbcp,root_root_ing_ult3m,root_rcc_sow_pym_bcp_prm_u9m,root_root_rcc_mto_sld_ent_ba,root_prod_ctd_pym,root_sf3_sf24,d_prod_flg_cct_x3m_u3m_1,cat_zona_app_agp_f_LIMA_SUR,root_root_rcc_mto_gar,root_root_num_cancelaciones_24m
1,-1.02382128,-0.366272,-0.404805,0.881279,-0.30388,0.891437,-0.300945,-0.640324,-0.384469,0.256874,-0.126378,0.419588,0.113791,-0.317168,-1.957119,-0.331906,-0.314641,0,0,0,0,0,0,0,0,0,0,0,0,0,0,0,0,0,0,0,0,0,0,0,0,0,0,0,0,0,0,0,0,0,0
2,0.29484392,0,0,0,-0.496022,0,-0.442816,0,-0.294584,0.27045,0,0.186945,0,-0.434475,0,0,0,-1.645448,-0.86271,0.765712,-0.220303,0.794003,0.495702,-0.93374,0.750981,-0.304791,-0.132968,0.99341,-0.106115,0.140581,0,0,0,0,0,0,0,0,0,0,0,0,0,0,0,0,0,0,0,0,0
3,0.68860181,0,0,0,0,0,-0.35144,0,-0.441575,0.291587,0,0,0,-0.261351,-1.332003,0,0,0,-0.362587,0,0,0.558724,0.312368,0,0,0,0,0,0,0,-1.084011,-0.312502,0.533976,-0.349384,0.834021,-0.107377,-0.783074,0,0,0,0,0,0,0,0,0,0,0,0,0,0
4,-0.02132823,0,0,0.795912,0,0,-0.534766,0,0,0.222733,0,0,0,-0.442277,0,0,0,-1.682853,-0.542908,0.587065,0,0,0.580566,0,0,0,0,0,0,0,0,0,0,0,0,-0.196821,0,-0.654794,0.554591,-0.242235,-0.764315,-0.20479,0,0,0,0,0,0,0,0,0
5,-0.84159998,0,0,0,0,0,-0.54652,0,0,0,0,0,0,-0.275168,0,0,0,0,-0.632745,0,0,0,0.78176,0,0,0,0,0,-0.118259,0,-0.677203,0,0,-0.454162,0,0,-0.426378,0,0,0,0,0,-0.238834,1.087958,-0.177974,-0.676931,0.216748,0.694214,-0.540279,0.697715,0.249711
