cluster,variable,min_v,max_v
1,dm_tea_montodesemsol_200k,0,0.245
1,rcc_sow_pym_bcp_prm_u12,0,1
1,root_antiguedad_meses,5.099019514,21.91084114
1,root_dm_tea_rcc_mto_sld_nbcp_40k,0,0.494974747
1,root_prod_antmax_cct,1.414213562,18.13835715
1,root_prod_antmax_cvi_prm_u12,1,18.01818246
1,root_prod_antmax_pas,1.414213562,18.28276955
1,root_prod_ctd_pym,0,2.449489743
1,root_prod_ctd_sld_cct_prm_u6m,0,1.870828693
1,root_rcc_ctd_deu_bcp,0,1.732050808
1,root_rcc_ctd_deu_nbcp,0,2.236067977
1,root_rcc_ctd_deu_pym_bm_prm_u12,0,2.34520788
1,root_rcc_ctd_gar,0,2.828427125
1,root_rcc_mto_cnt_rltc_pym_min_u12,0,547.7225575
1,root_rcc_sow_pym_bcp_prm_u12,0,1
1,root_rcc_sow_pym_bcp_prm_u9m,0,1
1,root_root_can_mto_tmo_ven_ret_prm_u12,0,24.24778297
1,root_root_can_tkt_tmo_ven_dep_prm_u12,0,15.27310512
1,root_root_dm_tea_ing_ind_shopper_015,0,16.08685567
1,root_root_fad_sol,10.70619622,22.03740365
1,root_root_ind_shopper_bank,0,0.812338794
1,root_root_ing_ult12m,3.724931211,32.13105974
1,root_root_ing_ult3m,1.439637929,15.21453683
1,root_root_num_cancelaciones_12m,0,1.414213562
1,root_root_num_cancelaciones_24m,0,1.495348781
1,root_root_prod_antmin_pym,0,3.748651104
1,root_root_prod_mto_sld_cen_prm_u6m,0,32.35193233
1,root_root_rcc_ctd_cnt_rlpr_pym_rec,0,1.861209718
1,root_root_rcc_mto_cnt_rltc_pym_min_u12,0,23.40347319
1,root_root_rcc_mto_gar,0,54.95156988
1,root_root_rcc_mto_sld_ent_ba,0,39.24547317
1,root_root_rcc_mto_sld_nbcp,0,38.34136753
1,root_root_rcc_mto_sld_pym,0,38.17127533
1,root_root_rcc_mto_sld_pym_bcp_prm_u3m,0,32.88489294
1,root_root_tea,0,1
1,root_root_tea_ind_shopper,0,0.52230352
1,root_root_tea_ing_ult12m,2.236236764,19.28512548
1,root_root_tea_montodesemsol,11.3848502,15.71344618
1,root_root_tea_rcc_mto_sld_nbcp,0,23.10202348
1,root_root_tt,0.257184336,0.374117027
1,root_root_ventas_sol,15.42229403,35.35395588
1,root_sf3_sf24,0,2.828427125
1,root_tea,0,1
1,root_tea_montodesemsol,129.614814,246.9124119
2,dm_tea_montodesemsol_200k,0,0
2,rcc_sow_pym_bcp_prm_u12,0,1
2,root_antiguedad_meses,5,20.46948949
2,root_dm_tea_rcc_mto_sld_nbcp_40k,0,0.542699883
2,root_prod_antmax_cct,1.414213562,16.76066629
2,root_prod_antmax_cvi_prm_u12,0.707106781,17.1318417
2,root_prod_antmax_pas,1,17.51397165
2,root_prod_ctd_pym,0,2.449489743
2,root_prod_ctd_sld_cct_prm_u6m,0,1.732050808
2,root_rcc_ctd_deu_bcp,0,1.732050808
2,root_rcc_ctd_deu_nbcp,0,2
2,root_rcc_ctd_deu_pym_bm_prm_u12,0,2.198484326
2,root_rcc_ctd_gar,0,2.449489743
2,root_rcc_mto_cnt_rltc_pym_min_u12,0,479.5831523
2,root_rcc_sow_pym_bcp_prm_u12,0,1
2,root_rcc_sow_pym_bcp_prm_u9m,0,1
2,root_root_can_mto_tmo_ven_ret_prm_u12,0,20.7145045
2,root_root_can_tkt_tmo_ven_dep_prm_u12,0,13.69160718
2,root_root_dm_tea_ing_ind_shopper_015,0,15.151377
2,root_root_fad_sol,9.115507638,19.95496056
2,root_root_ind_shopper_bank,0,0.807420142
2,root_root_ing_ult12m,2.358026259,28.45334325
2,root_root_ing_ult3m,0.108639666,13.8390358
2,root_root_num_cancelaciones_12m,0,1.414213562
2,root_root_num_cancelaciones_24m,0,1.495348781
2,root_root_prod_antmin_pym,0,3.751166123
2,root_root_prod_mto_sld_cen_prm_u6m,0,31.45485168
2,root_root_rcc_ctd_cnt_rlpr_pym_rec,0,1.861209718
2,root_root_rcc_mto_cnt_rltc_pym_min_u12,0,21.89938703
2,root_root_rcc_mto_gar,0,44.45645626
2,root_root_rcc_mto_sld_ent_ba,0,34.47534779
2,root_root_rcc_mto_sld_nbcp,0,31.94398542
2,root_root_rcc_mto_sld_pym,0,34.45969085
2,root_root_rcc_mto_sld_pym_bcp_prm_u3m,0,32.07287458
2,root_root_tea,0,1
2,root_root_tea_ind_shopper,0,0.536421869
2,root_root_tea_ing_ult12m,1.433683326,18.1982767
2,root_root_tea_montodesemsol,10,14.62506398
2,root_root_tea_rcc_mto_sld_nbcp,0,19.45527106
2,root_root_tt,0.268893952,0.374117027
2,root_root_ventas_sol,12.37681201,29.3633491
2,root_sf3_sf24,0,2.828427125
2,root_tea,0,1
2,root_tea_montodesemsol,100,213.8924964
3,dm_tea_montodesemsol_200k,0,0
3,rcc_sow_pym_bcp_prm_u12,0,1
3,root_antiguedad_meses,4.684484556,20
3,root_dm_tea_rcc_mto_sld_nbcp_40k,0,0.574456265
3,root_prod_antmax_cct,1.414213562,16.43744757
3,root_prod_antmax_cvi_prm_u12,0.692549788,16.77796174
3,root_prod_antmax_pas,1,17.49285568
3,root_prod_ctd_pym,0,2.449489743
3,root_prod_ctd_sld_cct_prm_u6m,0,1.732050808
3,root_rcc_ctd_deu_bcp,0,1.732050808
3,root_rcc_ctd_deu_nbcp,0,2.236067977
3,root_rcc_ctd_deu_pym_bm_prm_u12,0,2.020725942
3,root_rcc_ctd_gar,0,2.236067977
3,root_rcc_mto_cnt_rltc_pym_min_u12,0,489.9020786
3,root_rcc_sow_pym_bcp_prm_u12,0,1
3,root_rcc_sow_pym_bcp_prm_u9m,0,1
3,root_root_can_mto_tmo_ven_ret_prm_u12,0,19.07073757
3,root_root_can_tkt_tmo_ven_dep_prm_u12,0,13.2715963
3,root_root_dm_tea_ing_ind_shopper_015,0,13.62583416
3,root_root_fad_sol,7.769347059,19.06731887
3,root_root_ind_shopper_bank,0,0.802698046
3,root_root_ing_ult12m,2.24802621,24.01589829
3,root_root_ing_ult3m,0.376837861,13.01982748
3,root_root_num_cancelaciones_12m,0,1.414213562
3,root_root_num_cancelaciones_24m,0,1.495348781
3,root_root_prod_antmin_pym,0,3.846901167
3,root_root_prod_mto_sld_cen_prm_u6m,0,29.74545888
3,root_root_rcc_ctd_cnt_rlpr_pym_rec,0,1.861209718
3,root_root_rcc_mto_cnt_rltc_pym_min_u12,0,22.13373169
3,root_root_rcc_mto_gar,0,40.40358048
3,root_root_rcc_mto_sld_ent_ba,0,33.28248565
3,root_root_rcc_mto_sld_nbcp,0,29.00220983
3,root_root_rcc_mto_sld_pym,0,33.28248565
3,root_root_rcc_mto_sld_pym_bcp_prm_u3m,0,30.68411147
3,root_root_tea,0,1
3,root_root_tea_ind_shopper,0,0.555957444
3,root_root_tea_ing_ult12m,1.485944412,16.60358053
3,root_root_tea_montodesemsol,5.946035575,12.96574605
3,root_root_tea_rcc_mto_sld_nbcp,0,18.89812592
3,root_root_tt,0.28664747,0.373553137
3,root_root_ventas_sol,8.161261769,26.84080995
3,root_sf3_sf24,0,2.828427125
3,root_tea,0,1
3,root_tea_montodesemsol,35.35533906,168.1105765
4,dm_tea_montodesemsol_200k,0,0.36
4,rcc_sow_pym_bcp_prm_u12,0,1
4,root_antiguedad_meses,5,19.29468484
4,root_dm_tea_rcc_mto_sld_nbcp_40k,0,0.636396103
4,root_prod_antmax_cct,0,15.55634919
4,root_prod_antmax_cvi_prm_u12,0,15.63649577
4,root_prod_antmax_pas,0,16.35190444
4,root_prod_ctd_pym,0,2.449489743
4,root_prod_ctd_sld_cct_prm_u6m,0,1.732050808
4,root_rcc_ctd_deu_bcp,0,2
4,root_rcc_ctd_deu_nbcp,0,2.449489743
4,root_rcc_ctd_deu_pym_bm_prm_u12,0,2.314523172
4,root_rcc_ctd_gar,0,2.645751311
4,root_rcc_mto_cnt_rltc_pym_min_u12,0,476.3833406
4,root_rcc_sow_pym_bcp_prm_u12,0,1
4,root_rcc_sow_pym_bcp_prm_u9m,0,1
4,root_root_can_mto_tmo_ven_ret_prm_u12,0,22.77444071
4,root_root_can_tkt_tmo_ven_dep_prm_u12,0,15.29940231
4,root_root_dm_tea_ing_ind_shopper_015,0,15.49340741
4,root_root_fad_sol,9.65543631,22.31120264
4,root_root_ind_shopper_bank,0,0.811908903
4,root_root_ing_ult12m,0,28.4831467
4,root_root_ing_ult3m,0,14.48570086
4,root_root_num_cancelaciones_12m,0,1.316074013
4,root_root_num_cancelaciones_24m,0,1.495348781
4,root_root_prod_antmin_pym,0,3.744801243
4,root_root_prod_mto_sld_cen_prm_u6m,0,32.74767711
4,root_root_rcc_ctd_cnt_rlpr_pym_rec,0,1.861209718
4,root_root_rcc_mto_cnt_rltc_pym_min_u12,0,21.82620146
4,root_root_rcc_mto_gar,0,48.54510336
4,root_root_rcc_mto_sld_ent_ba,0,37.40536984
4,root_root_rcc_mto_sld_nbcp,0,36.84808078
4,root_root_rcc_mto_sld_pym,0,37.40536984
4,root_root_rcc_mto_sld_pym_bcp_prm_u3m,0,33.09278151
4,root_root_tea,0,1
4,root_root_tea_ind_shopper,0,0.592477722
4,root_root_tea_ing_ult12m,0,19.60711958
4,root_root_tea_montodesemsol,10.77176959,17.0116408
4,root_root_tea_rcc_mto_sld_nbcp,0,24.44080551
4,root_root_tt,0.268642483,0.374117027
4,root_root_ventas_sol,13.21768987,31.99763537
4,root_sf3_sf24,0,2.828427125
4,root_tea,0,1
4,root_tea_montodesemsol,116.0311557,289.3959226
5,dm_tea_montodesemsol_200k,0,0
5,rcc_sow_pym_bcp_prm_u12,0,1
5,root_antiguedad_meses,4.69041576,20.15216961
5,root_dm_tea_rcc_mto_sld_nbcp_40k,0,0.681909085
5,root_prod_antmax_cct,1,13.64349053
5,root_prod_antmax_cvi_prm_u12,0.707106781,16.66851803
5,root_prod_antmax_pas,1,16.97056275
5,root_prod_ctd_pym,0,2.236067977
5,root_prod_ctd_sld_cct_prm_u6m,0,1.732050808
5,root_rcc_ctd_deu_bcp,0,1.732050808
5,root_rcc_ctd_deu_nbcp,0,2.236067977
5,root_rcc_ctd_deu_pym_bm_prm_u12,0,2.061552813
5,root_rcc_ctd_gar,0,2.236067977
5,root_rcc_mto_cnt_rltc_pym_min_u12,0,387.2983346
5,root_rcc_sow_pym_bcp_prm_u12,0,1
5,root_rcc_sow_pym_bcp_prm_u9m,0,1
5,root_root_can_mto_tmo_ven_ret_prm_u12,0,18.86756352
5,root_root_can_tkt_tmo_ven_dep_prm_u12,0,12.88076303
5,root_root_dm_tea_ing_ind_shopper_015,0,12.03030062
5,root_root_fad_sol,8.057242066,19.44348427
5,root_root_ind_shopper_bank,0,0.800479863
5,root_root_ing_ult12m,0,22.76827894
5,root_root_ing_ult3m,0,12.03236977
5,root_root_num_cancelaciones_12m,0,1.316074013
5,root_root_num_cancelaciones_24m,0,1.326869363
5,root_root_prod_antmin_pym,0,3.848194429
5,root_root_prod_mto_sld_cen_prm_u6m,0,27.46463663
5,root_root_rcc_ctd_cnt_rlpr_pym_rec,0,1.861209718
5,root_root_rcc_mto_cnt_rltc_pym_min_u12,0,19.67989671
5,root_root_rcc_mto_gar,0,38.77901644
5,root_root_rcc_mto_sld_ent_ba,0,31.55375369
5,root_root_rcc_mto_sld_nbcp,0,28.69057894
5,root_root_rcc_mto_sld_pym,0,31.55414531
5,root_root_rcc_mto_sld_pym_bcp_prm_u3m,0,28.63800554
5,root_root_tea,0,1
5,root_root_tea_ind_shopper,0,0.602374606
5,root_root_tea_ing_ult12m,0,16.49550296
5,root_root_tea_montodesemsol,7.204737509,13.9989444
5,root_root_tea_rcc_mto_sld_nbcp,0,20.26615992
5,root_root_tt,0.286936661,0.374117027
5,root_root_ventas_sol,7.219290225,26.686423
5,root_sf3_sf24,0,2.828427125
5,root_tea,0,1
5,root_tea_montodesemsol,51.90835314,195.9705335
