cluster,variable,mean_v,std_v
1,dm_tea_montodesemsol_200k,0.096904588,0.066302698
1,rcc_sow_pym_bcp_prm_u12,0.387828366,0.39427333
1,root_antiguedad_meses,11.83744307,3.24253323
1,root_dm_tea_rcc_mto_sld_nbcp_40k,0.260962118,0.170032339
1,root_prod_antmax_cct,8.533253863,3.128578622
1,root_prod_antmax_cvi_prm_u12,8.244553494,3.534696496
1,root_prod_antmax_pas,8.681541291,3.388743715
1,root_prod_ctd_pym,1.022393991,0.699932519
1,root_prod_ctd_sld_cct_prm_u6m,0.977529141,0.494708069
1,root_rcc_ctd_deu_bcp,0.612952121,0.559015039
1,root_rcc_ctd_deu_nbcp,0.969756376,0.518421332
1,root_rcc_ctd_deu_pym_bm_prm_u12,1.11737692,0.480144773
1,root_rcc_ctd_gar,1.396215677,0.575577687
1,root_rcc_mto_cnt_rltc_pym_min_u12,142.3584592,165.3552759
1,root_rcc_sow_pym_bcp_prm_u12,0.477232722,0.400133768
1,root_rcc_sow_pym_bcp_prm_u9m,0.464417634,0.403561357
1,root_root_can_mto_tmo_ven_ret_prm_u12,9.437547182,4.718984372
1,root_root_can_tkt_tmo_ven_dep_prm_u12,6.347568062,3.431700974
1,root_root_dm_tea_ing_ind_shopper_015,1.936752454,4.153483493
1,root_root_fad_sol,14.53450743,2.037456476
1,root_root_ind_shopper_bank,0.178679103,0.307023639
1,root_root_ing_ult12m,14.52424899,5.973182868
1,root_root_ing_ult3m,7.900591824,2.679320094
1,root_root_num_cancelaciones_12m,0.185692717,0.410677627
1,root_root_num_cancelaciones_24m,0.262400692,0.475062223
1,root_root_prod_antmin_pym,1.784171321,0.740244779
1,root_root_prod_mto_sld_cen_prm_u6m,9.398139035,10.47451045
1,root_root_rcc_ctd_cnt_rlpr_pym_rec,0.428594223,0.677291473
1,root_root_rcc_mto_cnt_rltc_pym_min_u12,8.2448146,8.625271549
1,root_root_rcc_mto_gar,23.67351355,10.86641668
1,root_root_rcc_mto_sld_ent_ba,20.95065565,7.372039057
1,root_root_rcc_mto_sld_nbcp,16.12713824,9.167803465
1,root_root_rcc_mto_sld_pym,20.87567763,7.396007592
1,root_root_rcc_mto_sld_pym_bcp_prm_u3m,10.16010102,10.64997362
1,root_root_tea,0.604440286,0.036073783
1,root_root_tea_ind_shopper,0.108054327,0.186027984
1,root_root_tea_ing_ult12m,8.775767782,3.635448751
1,root_root_tea_montodesemsol,13.12162569,0.844894621
1,root_root_tea_rcc_mto_sld_nbcp,9.746559328,5.537609478
1,root_root_tt,0.30560762,0.023167021
1,root_root_ventas_sol,21.10497067,3.102599859
1,root_sf3_sf24,1.305912357,0.525332216
1,root_tea,0.366649136,0.044737196
1,root_tea_montodesemsol,172.8907752,22.54459595
2,dm_tea_montodesemsol_200k,0,1
2,rcc_sow_pym_bcp_prm_u12,0.444654087,0.407117484
2,root_antiguedad_meses,11.82589993,3.280002167
2,root_dm_tea_rcc_mto_sld_nbcp_40k,0.218094421,0.202127062
2,root_prod_antmax_cct,8.003245931,2.814159338
2,root_prod_antmax_cvi_prm_u12,7.65599285,3.420268692
2,root_prod_antmax_pas,8.155801389,3.283434631
2,root_prod_ctd_pym,1.025721531,0.696365858
2,root_prod_ctd_sld_cct_prm_u6m,0.815520496,0.546612285
2,root_rcc_ctd_deu_bcp,0.675001291,0.5652816
2,root_rcc_ctd_deu_nbcp,0.845230824,0.537360954
2,root_rcc_ctd_deu_pym_bm_prm_u12,1.005598363,0.478818635
2,root_rcc_ctd_gar,1.173813717,0.591111049
2,root_rcc_mto_cnt_rltc_pym_min_u12,118.1417954,142.0969517
2,root_rcc_sow_pym_bcp_prm_u12,0.535141147,0.397883003
2,root_rcc_sow_pym_bcp_prm_u9m,0.522522398,0.403686915
2,root_root_can_mto_tmo_ven_ret_prm_u12,8.068678195,4.328857061
2,root_root_can_tkt_tmo_ven_dep_prm_u12,5.582990931,3.333685036
2,root_root_dm_tea_ing_ind_shopper_015,1.214662794,3.246850497
2,root_root_fad_sol,13.15639174,1.832271529
2,root_root_ind_shopper_bank,0.1106783,0.257060439
2,root_root_ing_ult12m,11.82703039,4.997827613
2,root_root_ing_ult3m,6.774588552,2.445713318
2,root_root_num_cancelaciones_12m,0.22705598,0.444159573
2,root_root_num_cancelaciones_24m,0.301252006,0.496318651
2,root_root_prod_antmin_pym,1.742871668,0.800058571
2,root_root_prod_mto_sld_cen_prm_u6m,8.326218347,9.248758328
2,root_root_rcc_ctd_cnt_rlpr_pym_rec,0.320395542,0.613938302
2,root_root_rcc_mto_cnt_rltc_pym_min_u12,7.30581794,8.048618483
2,root_root_rcc_mto_gar,17.7181409,10.07355285
2,root_root_rcc_mto_sld_ent_ba,17.37505172,7.078781654
2,root_root_rcc_mto_sld_nbcp,12.35618374,8.223471205
2,root_root_rcc_mto_sld_pym,17.44786194,7.035847828
2,root_root_rcc_mto_sld_pym_bcp_prm_u3m,9.450939231,9.455238367
2,root_root_tea,0.630097757,0.041213769
2,root_root_tea_ind_shopper,0.06896439,0.160551601
2,root_root_tea_ing_ult12m,7.452000351,3.204449419
2,root_root_tea_montodesemsol,11.94326184,0.908036467
2,root_root_tea_rcc_mto_sld_nbcp,7.78893285,5.171979384
2,root_root_tt,0.307685628,0.01988743
2,root_root_ventas_sol,17.76310508,2.811705441
2,root_sf3_sf24,1.315455112,0.581440271
2,root_tea,0.398721406,0.053070052
2,root_tea_montodesemsol,143.4658626,22.06349424
3,dm_tea_montodesemsol_200k,0,1
3,rcc_sow_pym_bcp_prm_u12,0.499883123,0.423818285
3,root_antiguedad_meses,12.01906443,3.194217623
3,root_dm_tea_rcc_mto_sld_nbcp_40k,0.135482113,0.205792471
3,root_prod_antmax_cct,7.51939243,2.46099114
3,root_prod_antmax_cvi_prm_u12,7.367139187,3.262359816
3,root_prod_antmax_pas,7.952048454,3.162805487
3,root_prod_ctd_pym,0.941927274,0.698716154
3,root_prod_ctd_sld_cct_prm_u6m,0.67527229,0.568503414
3,root_rcc_ctd_deu_bcp,0.701983343,0.573129376
3,root_rcc_ctd_deu_nbcp,0.785403856,0.569762363
3,root_rcc_ctd_deu_pym_bm_prm_u12,0.89974005,0.481291231
3,root_rcc_ctd_gar,1.013397731,0.589298794
3,root_rcc_mto_cnt_rltc_pym_min_u12,108.081885,134.3593322
3,root_rcc_sow_pym_bcp_prm_u12,0.57890856,0.405930722
3,root_rcc_sow_pym_bcp_prm_u9m,0.568546958,0.407554628
3,root_root_can_mto_tmo_ven_ret_prm_u12,7.046489397,4.043162286
3,root_root_can_tkt_tmo_ven_dep_prm_u12,4.901477637,3.226128142
3,root_root_dm_tea_ing_ind_shopper_015,0.547499241,2.194333778
3,root_root_fad_sol,12.7852872,1.740364302
3,root_root_ind_shopper_bank,0.052352699,0.184934796
3,root_root_ing_ult12m,10.06674382,4.117706054
3,root_root_ing_ult3m,5.99327675,2.288089516
3,root_root_num_cancelaciones_12m,0.19608094,0.423409401
3,root_root_num_cancelaciones_24m,0.24004843,0.461426842
3,root_root_prod_antmin_pym,1.795925991,0.85763485
3,root_root_prod_mto_sld_cen_prm_u6m,6.723224639,8.304231809
3,root_root_rcc_ctd_cnt_rlpr_pym_rec,0.223168198,0.527155692
3,root_root_rcc_mto_cnt_rltc_pym_min_u12,6.853610553,7.818035828
3,root_root_rcc_mto_gar,13.96983474,9.488358801
3,root_root_rcc_mto_sld_ent_ba,14.94165934,6.524686617
3,root_root_rcc_mto_sld_nbcp,9.467879899,7.227377203
3,root_root_rcc_mto_sld_pym,14.44326967,7.099896751
3,root_root_rcc_mto_sld_pym_bcp_prm_u3m,8.265418064,8.527039988
3,root_root_tea,0.667634727,0.047591811
3,root_root_tea_ind_shopper,0.034079435,0.120659204
3,root_root_tea_ing_ult12m,6.708467348,2.775222349
3,root_root_tea_montodesemsol,10.3100233,1.212578808
3,root_root_tea_rcc_mto_sld_nbcp,6.323764149,4.7908929
3,root_root_tt,0.306642791,0.017742482
3,root_root_ventas_sol,15.96510723,3.113480957
3,root_sf3_sf24,1.29137328,0.615830723
3,root_tea,0.448000673,0.064136513
3,root_tea_montodesemsol,107.7666446,23.94231441
4,dm_tea_montodesemsol_200k,0.057164013,0.09602535
4,rcc_sow_pym_bcp_prm_u12,0.360081693,0.392183159
4,root_antiguedad_meses,10.94825265,3.141881204
4,root_dm_tea_rcc_mto_sld_nbcp_40k,0.304590897,0.223343659
4,root_prod_antmax_cct,7.12167743,2.545062953
4,root_prod_antmax_cvi_prm_u12,6.696079477,3.069020407
4,root_prod_antmax_pas,7.231887994,2.970553015
4,root_prod_ctd_pym,0.893370353,0.725189927
4,root_prod_ctd_sld_cct_prm_u6m,0.803186803,0.539168676
4,root_rcc_ctd_deu_bcp,0.629249222,0.588805138
4,root_rcc_ctd_deu_nbcp,1.027546737,0.523252936
4,root_rcc_ctd_deu_pym_bm_prm_u12,1.05145702,0.511897714
4,root_rcc_ctd_gar,1.322418168,0.581614012
4,root_rcc_mto_cnt_rltc_pym_min_u12,71.82427871,121.8837769
4,root_rcc_sow_pym_bcp_prm_u12,0.446177733,0.401288558
4,root_rcc_sow_pym_bcp_prm_u9m,0.43691407,0.403591046
4,root_root_can_mto_tmo_ven_ret_prm_u12,8.539708298,4.658365422
4,root_root_can_tkt_tmo_ven_dep_prm_u12,5.956023163,3.399342178
4,root_root_dm_tea_ing_ind_shopper_015,1.269934818,3.34713592
4,root_root_fad_sol,13.99350476,2.047271663
4,root_root_ind_shopper_bank,0.128756493,0.271754317
4,root_root_ing_ult12m,11.14885939,5.017352138
4,root_root_ing_ult3m,6.585975301,2.597820003
4,root_root_num_cancelaciones_12m,0.142741099,0.366486952
4,root_root_num_cancelaciones_24m,0.20079593,0.428538904
4,root_root_prod_antmin_pym,1.696762095,0.683850579
4,root_root_prod_mto_sld_cen_prm_u6m,7.742192389,9.733361414
4,root_root_rcc_ctd_cnt_rlpr_pym_rec,0.332435594,0.619057956
4,root_root_rcc_mto_cnt_rltc_pym_min_u12,4.665858832,7.075445564
4,root_root_rcc_mto_gar,20.19976708,10.31684981
4,root_root_rcc_mto_sld_ent_ba,18.94022827,7.555283486
4,root_root_rcc_mto_sld_nbcp,15.3463493,8.294369893
4,root_root_rcc_mto_sld_pym,19.40091573,7.220461937
4,root_root_rcc_mto_sld_pym_bcp_prm_u3m,8.900125873,10.06030355
4,root_root_tea,0.674728198,0.052208005
4,root_root_tea_ind_shopper,0.085873599,0.181925746
4,root_root_tea_ing_ult12m,7.513632294,3.429996824
4,root_root_tea_montodesemsol,13.59899411,1.281514805
4,root_root_tea_rcc_mto_sld_nbcp,10.34844513,5.562102067
4,root_root_tt,0.308026667,0.022005384
4,root_root_ventas_sol,19.56922617,3.364685869
4,root_sf3_sf24,1.377298252,0.512761019
4,root_tea,0.457983388,0.071218553
4,root_tea_montodesemsol,186.5746627,35.47015509
5,dm_tea_montodesemsol_200k,0,1
5,rcc_sow_pym_bcp_prm_u12,0.345466663,0.413239237
5,root_antiguedad_meses,11.56312913,2.964405123
5,root_dm_tea_rcc_mto_sld_nbcp_40k,0.188095009,0.255332195
5,root_prod_antmax_cct,6.912413136,2.157367732
5,root_prod_antmax_cvi_prm_u12,6.636904654,2.988138324
5,root_prod_antmax_pas,7.214882839,2.926346515
5,root_prod_ctd_pym,0.710983424,0.690506457
5,root_prod_ctd_sld_cct_prm_u6m,0.617187343,0.555085787
5,root_rcc_ctd_deu_bcp,0.542640727,0.585059184
5,root_rcc_ctd_deu_nbcp,0.964691205,0.516465984
5,root_rcc_ctd_deu_pym_bm_prm_u12,0.8676038,0.467584251
5,root_rcc_ctd_gar,1.13811906,0.544043631
5,root_rcc_mto_cnt_rltc_pym_min_u12,55.28726017,103.0990489
5,root_rcc_sow_pym_bcp_prm_u12,0.410615488,0.420597173
5,root_rcc_sow_pym_bcp_prm_u9m,0.401890819,0.418072392
5,root_root_can_mto_tmo_ven_ret_prm_u12,6.782625308,3.975550399
5,root_root_can_tkt_tmo_ven_dep_prm_u12,4.802609129,3.040528734
5,root_root_dm_tea_ing_ind_shopper_015,0.406252228,1.850581141
5,root_root_fad_sol,13.17628928,1.503914865
5,root_root_ind_shopper_bank,0.046316739,0.174766652
5,root_root_ing_ult12m,8.907240206,3.934711992
5,root_root_ing_ult3m,5.348284193,2.291198484
5,root_root_num_cancelaciones_12m,0.106400354,0.322172241
5,root_root_num_cancelaciones_24m,0.133303114,0.357764313
5,root_root_prod_antmin_pym,1.753138398,0.726556181
5,root_root_prod_mto_sld_cen_prm_u6m,4.855785098,7.448918962
5,root_root_rcc_ctd_cnt_rlpr_pym_rec,0.258483367,0.548069821
5,root_root_rcc_mto_cnt_rltc_pym_min_u12,3.722453469,6.437395724
5,root_root_rcc_mto_gar,13.97417767,8.339071959
5,root_root_rcc_mto_sld_ent_ba,14.4296984,6.057341559
5,root_root_rcc_mto_sld_nbcp,11.47813491,6.450151765
5,root_root_rcc_mto_sld_pym,14.50653674,6.332441656
5,root_root_rcc_mto_sld_pym_bcp_prm_u3m,5.971585462,8.018487867
5,root_root_tea,0.730001692,0.049501652
5,root_root_tea_ind_shopper,0.032966464,0.124864504
5,root_root_tea_ing_ult12m,6.470751712,2.839285771
5,root_root_tea_montodesemsol,11.32102357,1.179784619
5,root_root_tea_rcc_mto_sld_nbcp,8.374658266,4.649659107
5,root_root_tt,0.309173436,0.02153347
5,root_root_ventas_sol,15.39318246,3.294879936
5,root_sf3_sf24,1.413536126,0.582645906
5,root_tea,0.535352324,0.072149432
5,root_tea_montodesemsol,129.5571497,26.01034121
