tranform_variable,original_variable,root_sq
root_root_tea,tea,2
root_rcc_mto_cnt_rltc_pym_min_u12,rcc_mto_cnt_rltc_pym_min_u12,1
root_rcc_sow_pym_bcp_prm_u12,rcc_sow_pym_bcp_prm_u12,1
root_root_rcc_mto_sld_nbcp,rcc_mto_sld_nbcp,2
root_antiguedad_meses,antiguedad_meses,1
root_root_prod_antmin_pym,prod_antmin_pym,2
root_root_num_cancelaciones_12m,num_cancelaciones_12m,2
root_prod_antmax_pas,prod_antmax_pas,1
root_root_can_mto_tmo_ven_ret_prm_u12,can_mto_tmo_ven_ret_prm_u12,2
root_root_can_tkt_tmo_ven_dep_prm_u12,can_tkt_tmo_ven_dep_prm_u12,2
root_root_tt,tt,2
root_root_tea_ing_ult12m,tea_ing_ult12m,2
root_root_dm_tea_ing_ind_shopper_015,dm_tea_ing_ind_shopper_015,2
dm_tea_montodesemsol_200k,dm_tea_montodesemsol_200k,0
root_root_ing_ult12m,ing_ult12m,2
root_tea,tea,1
root_root_ventas_sol,ventas_sol,2
root_rcc_ctd_deu_pym_bm_prm_u12,rcc_ctd_deu_pym_bm_prm_u12,1
rcc_sow_pym_bcp_prm_u12,rcc_sow_pym_bcp_prm_u12,0
root_rcc_ctd_deu_bcp,rcc_ctd_deu_bcp,1
root_root_prod_mto_sld_cen_prm_u6m,prod_mto_sld_cen_prm_u6m,2
root_root_rcc_mto_sld_pym_bcp_prm_u3m,rcc_mto_sld_pym_bcp_prm_u3m,2
root_root_rcc_ctd_cnt_rlpr_pym_rec,rcc_ctd_cnt_rlpr_pym_rec,2
root_root_ind_shopper_bank,ind_shopper_bank,2
root_dm_tea_rcc_mto_sld_nbcp_40k,dm_tea_rcc_mto_sld_nbcp_40k,1
root_rcc_ctd_deu_nbcp,rcc_ctd_deu_nbcp,1
root_rcc_ctd_gar,rcc_ctd_gar,1
root_prod_ctd_sld_cct_prm_u6m,prod_ctd_sld_cct_prm_u6m,1
root_prod_antmax_cvi_prm_u12,prod_antmax_cvi_prm_u12,1
root_root_rcc_mto_sld_pym,rcc_mto_sld_pym,2
root_root_tea_ind_shopper,tea_ind_shopper,2
root_tea_montodesemsol,tea_montodesemsol,1
root_root_rcc_mto_cnt_rltc_pym_min_u12,rcc_mto_cnt_rltc_pym_min_u12,2
root_root_fad_sol,fad_sol,2
root_prod_antmax_cct,prod_antmax_cct,1
root_root_tea_montodesemsol,tea_montodesemsol,2
root_root_tea_rcc_mto_sld_nbcp,tea_rcc_mto_sld_nbcp,2
root_root_ing_ult3m,ing_ult3m,2
root_rcc_sow_pym_bcp_prm_u9m,rcc_sow_pym_bcp_prm_u9m,1
root_root_rcc_mto_sld_ent_ba,rcc_mto_sld_ent_ba,2
root_prod_ctd_pym,prod_ctd_pym,1
root_sf3_sf24,sf3_sf24,1
root_root_rcc_mto_gar,rcc_mto_gar,2
root_root_num_cancelaciones_24m,num_cancelaciones_24m,2
