ncalls,tottime,percall,cumtime,,percall filename:lineno(function)
1,0,0,0.555,0.276,0.555 /Users/masa/Documents/Trabajos/BCP/code/cef/source/clv_cef/cef_engine/utils.py:3(<module>)
8,0.006,0.001,0.818,0.26,0.102 /Users/masa/Documents/Trabajos/BCP/code/cef/source/clv_cef/cef_engine/utils.py:523(pre_predict)
1,0,0,1.062,0.16,1.062 /Users/masa/Documents/Trabajos/BCP/code/cef/source/clv_cef/cef_engine/CLV_Engine.py:524(getAggProfitability)
6,0.001,0,0.895,0.065,0.149 /Users/masa/Documents/Trabajos/BCP/code/cef/source/clv_cef/cef_engine/utils_clv.py:288(van_rmin)
1,0,0,0.155,0.043,0.155 /Users/masa/Documents/Trabajos/BCP/code/cef/source/clv_cef/cef_engine/utils_clv.py:627(get_components)
1,0,0,0.2,0.042,0.200 /Users/masa/Documents/Trabajos/BCP/code/cef/source/clv_cef/cef_engine/CLV_Engine.py:308(predict)
8,0.001,0,0.096,0.037,0.012 /Users/masa/Documents/Trabajos/BCP/code/cef/source/clv_cef/cef_engine/utils.py:155(ajuste_pdcalibrada)
205,0.002,0,0.279,0.029,0.001 /Users/masa/Documents/Trabajos/BCP/code/cef/source/clv_cef/cef_engine/utils.py:9(get_np_coefs)
1,0,0,0.25,0.028,0.250 /Users/masa/Documents/Trabajos/BCP/code/cef/source/clv_cef/cef_engine/CLV_Engine.py:285(transform)
8,0.001,0,0.222,0.017,0.028 /Users/masa/Documents/Trabajos/BCP/code/cef/source/clv_cef/cef_engine/utils.py:259(can_predict)
7,0,0,0.112,0.016,0.016 /Users/masa/Documents/Trabajos/BCP/code/cef/source/clv_cef/cef_engine/utils.py:656(pre_update_r)
1,0,0,0.048,0.013,0.048 /Users/masa/Documents/Trabajos/BCP/code/cef/source/clv_cef/cef_engine/utils.py:1120(tt_desc_transform)
7,0,0,0.83,0.012,0.119 /Users/masa/Documents/Trabajos/BCP/code/cef/source/clv_cef/cef_engine/curves_all.py:70(update_r)
2,0.001,0,0.902,0.007,0.451 /Users/masa/Documents/Trabajos/BCP/code/cef/source/clv_cef/cef_engine/utils_clv.py:182(pbroyden)
1,0,0,0.035,0.007,0.035 /Users/masa/Documents/Trabajos/BCP/code/cef/source/clv_cef/cef_engine/utils.py:189(can_transform)
1,0,0,0.055,0.007,0.055 /Users/masa/Documents/Trabajos/BCP/code/cef/source/clv_cef/cef_engine/utils.py:454(pre_transform)
1,0,0,0.017,0.006,0.017 /Users/masa/Documents/Trabajos/BCP/code/cef/source/clv_cef/cef_engine/utils.py:984(cap_transform)
7,0,0,0.205,0.005,0.029 /Users/masa/Documents/Trabajos/BCP/code/cef/source/clv_cef/cef_engine/curves_all.py:28(update_r)
1,0,0,0.158,0.003,0.158 /Users/masa/Documents/Trabajos/BCP/code/cef/source/clv_cef/cef_engine/CLV_Engine.py:238(__init__)
1,0,0,0.023,0.003,0.023 /Users/masa/Documents/Trabajos/BCP/code/cef/source/clv_cef/cef_engine/utils.py:1097(inof_transform)
1,0,0,0.02,0.003,0.020 /Users/masa/Documents/Trabajos/BCP/code/cef/source/clv_cef/cef_engine/utils.py:683(lgd_transform)
1,0,0,0.059,0.003,0.059 /Users/masa/Documents/Trabajos/BCP/code/cef/source/clv_cef/cef_engine/CLV_Engine.py:228(set_external_data)
1,0,0,0.558,0.002,0.558 /Users/masa/Documents/Trabajos/BCP/code/cef/source/clv_cef/cef_engine/CLV_Engine.py:1(<module>)
1,0,0,0.028,0.002,0.028 /Users/masa/Documents/Trabajos/BCP/code/cef/source/clv_cef/cef_engine/utils.py:1073(costos_transform)
1,0,0,0.025,0.002,0.025 /Users/masa/Documents/Trabajos/BCP/code/cef/source/clv_cef/cef_engine/utils.py:718(lgd_predict)
1,0,0,0.011,0.002,0.011 /Users/masa/Documents/Trabajos/BCP/code/cef/source/clv_cef/cef_engine/utils.py:74(costo_montoT0)
1,0,0,0.008,0.002,0.008 /Users/masa/Documents/Trabajos/BCP/code/cef/source/clv_cef/cef_engine/utils.py:876(rr2_transform)
1,0,0,0.006,0.002,0.006 /Users/masa/Documents/Trabajos/BCP/code/cef/source/clv_cef/cef_engine/utils.py:905(rr2_predict)
1,0,0,0.556,0.001,0.556 /Users/masa/Documents/Trabajos/BCP/code/cef/source/clv_cef/cef_engine/curves_all.py:3(<module>)
1,0,0,0.056,0.001,0.056 /Users/masa/Documents/Trabajos/BCP/code/cef/source/clv_cef/cef_engine/curves_all.py:60(transform)
1,0,0,0.004,0.001,0.004 /Users/masa/Documents/Trabajos/BCP/code/cef/source/clv_cef/cef_engine/utils.py:366(pd_transform)
1,0,0,0.003,0.001,0.003 /Users/masa/Documents/Trabajos/BCP/code/cef/source/clv_cef/cef_engine/curves_all.py:11(__init__)
6,0.002,0,0.002,0.001,0.000 /Users/masa/Documents/Trabajos/BCP/code/cef/source/clv_cef/cef_engine/utils_clv.py:421(<listcomp>)
1,0,0,0.001,0.001,0.001 /Users/masa/Documents/Trabajos/BCP/code/cef/source/clv_cef/cef_engine/utils_clv.py:561(get_parameters_transform)
1,0,0,0.009,0.001,0.009 /Users/masa/Documents/Trabajos/BCP/code/cef/source/clv_cef/cef_engine/utils.py:811(rr1_transform)
1,0,0,0.026,0.001,0.026 /Users/masa/Documents/Trabajos/BCP/code/cef/source/clv_cef/cef_engine/utils.py:389(pd_predict)
1,0,0,0.895,0,0.895 /Users/masa/Documents/Trabajos/BCP/code/cef/source/clv_cef/cef_engine/CLV_Engine.py:362(get_rmin_leads)
1,0,0,0.895,0,0.895 /Users/masa/Documents/Trabajos/BCP/code/cef/source/clv_cef/cef_engine/CLV_Engine.py:376(compute)
6,0,0,0.895,0,0.149 /Users/masa/Documents/Trabajos/BCP/code/cef/source/clv_cef/cef_engine/CLV_Engine.py:367(funct)
8,0,0,0.818,0,0.102 /Users/masa/Documents/Trabajos/BCP/code/cef/source/clv_cef/cef_engine/curves_all.py:65(predict)
8,0,0,0.222,0,0.028 /Users/masa/Documents/Trabajos/BCP/code/cef/source/clv_cef/cef_engine/curves_all.py:24(predict)
1,0,0,0.155,0,0.155 /Users/masa/Documents/Trabajos/BCP/code/cef/source/clv_cef/cef_engine/CLV_Engine.py:507(get_components)
1,0,0,0.096,0,0.096 /Users/masa/Documents/Trabajos/BCP/code/cef/source/clv_cef/cef_engine/CLV_Engine.py:36(__init__)
1,0,0,0.048,0,0.048 /Users/masa/Documents/Trabajos/BCP/code/cef/source/clv_cef/cef_engine/curves_all.py:192(transform)
1,0,0,0.035,0,0.035 /Users/masa/Documents/Trabajos/BCP/code/cef/source/clv_cef/cef_engine/curves_all.py:19(transform)
1,0,0,0.028,0,0.028 /Users/masa/Documents/Trabajos/BCP/code/cef/source/clv_cef/cef_engine/curves_all.py:170(transform)
1,0,0,0.026,0,0.026 /Users/masa/Documents/Trabajos/BCP/code/cef/source/clv_cef/cef_engine/curves_all.py:44(predict)
1,0,0,0.025,0,0.025 /Users/masa/Documents/Trabajos/BCP/code/cef/source/clv_cef/cef_engine/curves_all.py:92(predict)
1,0,0,0.023,0,0.023 /Users/masa/Documents/Trabajos/BCP/code/cef/source/clv_cef/cef_engine/curves_all.py:181(transform)
1,0,0,0.02,0,0.020 /Users/masa/Documents/Trabajos/BCP/code/cef/source/clv_cef/cef_engine/curves_all.py:88(transform)
1,0,0,0.017,0,0.017 /Users/masa/Documents/Trabajos/BCP/code/cef/source/clv_cef/cef_engine/curves_all.py:155(transform)
7,0,0,0.009,0,0.001 /Users/masa/Documents/Trabajos/BCP/code/cef/source/clv_cef/cef_engine/utils.py:345(can_update_r)
1,0,0,0.009,0,0.009 /Users/masa/Documents/Trabajos/BCP/code/cef/source/clv_cef/cef_engine/curves_all.py:105(transform)
1,0,0,0.008,0,0.008 /Users/masa/Documents/Trabajos/BCP/code/cef/source/clv_cef/cef_engine/curves_all.py:121(transform)
1,0,0,0.006,0,0.006 /Users/masa/Documents/Trabajos/BCP/code/cef/source/clv_cef/cef_engine/CLV_Engine.py:405(get_irr)
1,0,0,0.006,0,0.006 /Users/masa/Documents/Trabajos/BCP/code/cef/source/clv_cef/cef_engine/CLV_Engine.py:422(compute)
1,0,0,0.006,0,0.006 /Users/masa/Documents/Trabajos/BCP/code/cef/source/clv_cef/cef_engine/curves_all.py:109(predict)
1,0,0,0.006,0,0.006 /Users/masa/Documents/Trabajos/BCP/code/cef/source/clv_cef/cef_engine/utils.py:839(rr1_predict)
8,0,0,0.006,0,0.001 /Users/masa/Documents/Trabajos/BCP/code/cef/source/clv_cef/cef_engine/CLV_Engine.py:413(funct)
1,0,0,0.006,0,0.006 /Users/masa/Documents/Trabajos/BCP/code/cef/source/clv_cef/cef_engine/curves_all.py:159(predict)
1,0,0,0.006,0,0.006 /Users/masa/Documents/Trabajos/BCP/code/cef/source/clv_cef/cef_engine/utils.py:1034(cap_predict)
1,0,0,0.006,0,0.006 /Users/masa/Documents/Trabajos/BCP/code/cef/source/clv_cef/cef_engine/CLV_Engine.py:52(set_path_can)
8,0.001,0,0.006,0,0.001 /Users/masa/Documents/Trabajos/BCP/code/cef/source/clv_cef/cef_engine/utils_clv.py:431(van_irr)
1,0,0,0.006,0,0.006 /Users/masa/Documents/Trabajos/BCP/code/cef/source/clv_cef/cef_engine/curves_all.py:125(predict)
1,0,0,0.004,0,0.004 /Users/masa/Documents/Trabajos/BCP/code/cef/source/clv_cef/cef_engine/CLV_Engine.py:93(set_path_pre)
1,0,0,0.004,0,0.004 /Users/masa/Documents/Trabajos/BCP/code/cef/source/clv_cef/cef_engine/curves_all.py:40(transform)
1,0,0,0.003,0,0.003 /Users/masa/Documents/Trabajos/BCP/code/cef/source/clv_cef/cef_engine/CLV_Engine.py:319(get_parameters_pv)
1,0,0,0.003,0,0.003 /Users/masa/Documents/Trabajos/BCP/code/cef/source/clv_cef/cef_engine/utils_clv.py:578(get_param)
8,0.002,0,0.002,0,0.000 /Users/masa/Documents/Trabajos/BCP/code/cef/source/clv_cef/cef_engine/utils_clv.py:551(<listcomp>)
5,0,0,0.002,0,0.000 /Users/masa/Documents/Trabajos/BCP/code/cef/source/clv_cef/cef_engine/utils.py:46(transf_3esc)
16,0,0,0.002,0,0.000 /Users/masa/Documents/Trabajos/BCP/code/cef/source/clv_cef/cef_engine/utils_clv.py:106(cif_to_cond_prob)
1,0,0,0.001,0,0.001 /Users/masa/Documents/Trabajos/BCP/code/cef/source/clv_cef/cef_engine/CLV_Engine.py:76(set_path_pd)
1,0,0,0.001,0,0.001 /Users/masa/Documents/Trabajos/BCP/code/cef/source/clv_cef/cef_engine/CLV_Engine.py:136(set_path_rr)
1,0,0,0.001,0,0.001 /Users/masa/Documents/Trabajos/BCP/code/cef/source/clv_cef/cef_engine/CLV_Engine.py:153(set_path_pa)
15,0,0,0.001,0,0.000 /Users/masa/Documents/Trabajos/BCP/code/cef/source/clv_cef/cef_engine/utils_clv.py:140(compute_S)
2,0,0,0.001,0,0.001 /Users/masa/Documents/Trabajos/BCP/code/cef/source/clv_cef/cef_engine/utils.py:122(ratio_apalancamiento)
1,0,0,0.001,0,0.001 /Users/masa/Documents/Trabajos/BCP/code/cef/source/clv_cef/cef_engine/curves_all.py:142(predict)
1,0,0,0.001,0,0.001 /Users/masa/Documents/Trabajos/BCP/code/cef/source/clv_cef/cef_engine/utils.py:960(pa_predict)
2,0,0,0.001,0,0.000 /Users/masa/Documents/Trabajos/BCP/code/cef/source/clv_cef/cef_engine/utils.py:101(transf_subsegmento)
17,0,0,0.001,0,0.000 /Users/masa/Documents/Trabajos/BCP/code/cef/venv_cef/lib/python3.7/site-packages/numpy/lib/utils.py:71(__call__)
14,0,0,0.001,0,0.000 /Users/masa/Documents/Trabajos/BCP/code/cef/source/clv_cef/cef_engine/utils.py:1267(np_stack)
1,0,0,0.001,0,0.001 /Users/masa/Documents/Trabajos/BCP/code/cef/source/clv_cef/cef_engine/curves_all.py:138(transform)
15,0,0,0.001,0,0.000 /Users/masa/Documents/Trabajos/BCP/code/cef/source/clv_cef/cef_engine/utils_clv.py:29(Afactor1)
1,0,0,0.001,0,0.001 /Users/masa/Documents/Trabajos/BCP/code/cef/source/clv_cef/cef_engine/utils.py:942(pa_transform)
15,0,0,0.001,0,0.000 /Users/masa/Documents/Trabajos/BCP/code/cef/source/clv_cef/cef_engine/utils_clv.py:11(Bfactor2)
1,0,0,0.001,0,0.001 /Users/masa/Documents/Trabajos/BCP/code/cef/source/clv_cef/cef_engine/CLV_Engine.py:120(set_path_lgd)
101,0,0,0.001,0,0.000 /Users/masa/Documents/Trabajos/BCP/code/cef/source/clv_cef/cef_engine/utils_clv.py:48(shift)
17,0,0,0.001,0,0.000 /Users/masa/Documents/Trabajos/BCP/code/cef/venv_cef/lib/python3.7/site-packages/numpy/lib/utils.py:144(deprecate)
1,0,0,0.001,0,0.001 /Users/masa/Documents/Trabajos/BCP/code/cef/source/clv_cef/cef_engine/utils.py:108(transf_niveleducacional1)
1,0,0,0,0,0.000 /Users/masa/Documents/Trabajos/BCP/code/cef/source/clv_cef/cef_engine/utils.py:58(transf_mtoingr)
1,0,0,0,0,0.000 /Users/masa/Documents/Trabajos/BCP/code/cef/source/clv_cef/cef_engine/utils_clv.py:754(<listcomp>)
1,0,0,0,0,0.000 /Users/masa/Documents/Trabajos/BCP/code/cef/venv_cef/lib/python3.7/site-packages/numpy/testing/_private/utils.py:4(<module>)
1,0,0,0,0,0.000 /Users/masa/Documents/Trabajos/BCP/code/cef/source/clv_cef/cef_engine/utils.py:113(transf_enalta_demas)
9,0,0,0,0,0.000 /Users/masa/Documents/Trabajos/BCP/code/cef/venv_cef/lib/python3.7/site-packages/numpy/lib/utils.py:130(_get_indent)
5,0,0,0,0,0.000 /Users/masa/Documents/Trabajos/BCP/code/cef/source/clv_cef/cef_engine/curves_all.py:16(<lambda>)
10,0,0,0,0,0.000 /Users/masa/Documents/Trabajos/BCP/code/cef/source/clv_cef/cef_engine/utils.py:424(<lambda>)
10,0,0,0,0,0.000 /Users/masa/Documents/Trabajos/BCP/code/cef/source/clv_cef/cef_engine/utils.py:425(<lambda>)
1,0,0,0,0,0.000 /Users/masa/Documents/Trabajos/BCP/code/cef/source/clv_cef/cef_engine/utils_clv.py:2(<module>)
5,0,0,0,0,0.000 /Users/masa/Documents/Trabajos/BCP/code/cef/source/clv_cef/cef_engine/utils.py:1129(<lambda>)
5,0,0,0,0,0.000 /Users/masa/Documents/Trabajos/BCP/code/cef/source/clv_cef/cef_engine/utils.py:1136(<lambda>)
3,0,0,0,0,0.000 /Users/masa/Documents/Trabajos/BCP/code/cef/source/clv_cef/cef_engine/utils.py:1270(np_clip)
1,0,0,0,0,0.000 /Users/masa/Documents/Trabajos/BCP/code/cef/venv_cef/lib/python3.7/site-packages/scipy/sparse/linalg/isolve/utils.py:1(<module>)
17,0,0,0,0,0.000 /Users/masa/Documents/Trabajos/BCP/code/cef/venv_cef/lib/python3.7/site-packages/numpy/lib/utils.py:66(__init__)
17,0,0,0,0,0.000 /Users/masa/Documents/Trabajos/BCP/code/cef/venv_cef/lib/python3.7/site-packages/numpy/lib/utils.py:49(_set_function_name)
2,0,0,0,0,0.000 /Users/masa/Documents/Trabajos/BCP/code/cef/source/clv_cef/cef_engine/utils.py:1279(np_isnan)
1,0,0,0,0,0.000 /Users/masa/Documents/Trabajos/BCP/code/cef/source/clv_cef/cef_engine/CLV_Engine.py:236(CLVEngine)
1,0,0,0,0,0.000 /Users/masa/Documents/Trabajos/BCP/code/cef/source/clv_cef/cef_engine/curves_all.py:177(__init__)
1,0,0,0,0,0.000 /Users/masa/Documents/Trabajos/BCP/code/cef/source/clv_cef/cef_engine/curves_all.py:188(__init__)
1,0,0,0,0,0.000 /Users/masa/Documents/Trabajos/BCP/code/cef/source/clv_cef/cef_engine/curves_all.py:55(__init__)
1,0,0,0,0,0.000 /Users/masa/Documents/Trabajos/BCP/code/cef/venv_cef/lib/python3.7/site-packages/numpy/testing/_private/utils.py:2030(suppress_warnings)
1,0,0,0,0,0.000 /Users/masa/Documents/Trabajos/BCP/code/cef/source/clv_cef/cef_engine/curves_all.py:166(__init__)
1,0,0,0,0,0.000 /Users/masa/Documents/Trabajos/BCP/code/cef/source/clv_cef/cef_engine/curves_all.py:36(__init__)
1,0,0,0,0,0.000 /Users/masa/Documents/Trabajos/BCP/code/cef/source/clv_cef/cef_engine/curves_all.py:84(__init__)
1,0,0,0,0,0.000 /Users/masa/Documents/Trabajos/BCP/code/cef/source/clv_cef/cef_engine/curves_all.py:101(__init__)
1,0,0,0,0,0.000 /Users/masa/Documents/Trabajos/BCP/code/cef/source/clv_cef/cef_engine/CLV_Engine.py:208(set_path_tt)
1,0,0,0,0,0.000 /Users/masa/Documents/Trabajos/BCP/code/cef/source/clv_cef/cef_engine/CLV_Engine.py:33(SetPath)
1,0,0,0,0,0.000 /Users/masa/Documents/Trabajos/BCP/code/cef/venv_cef/lib/python3.7/site-packages/numpy/testing/_private/utils.py:43(KnownFailureException)
1,0,0,0,0,0.000 /Users/masa/Documents/Trabajos/BCP/code/cef/venv_cef/lib/python3.7/site-packages/numpy/testing/_private/utils.py:1964(clear_and_catch_warnings)
1,0,0,0,0,0.000 /Users/masa/Documents/Trabajos/BCP/code/cef/source/clv_cef/cef_engine/curves_all.py:148(CurveCAP)
1,0,0,0,0,0.000 /Users/masa/Documents/Trabajos/BCP/code/cef/source/clv_cef/cef_engine/curves_all.py:165(CurveCostos)
1,0,0,0,0,0.000 /Users/masa/Documents/Trabajos/BCP/code/cef/source/clv_cef/cef_engine/curves_all.py:176(CurvesInoF)
1,0,0,0,0,0.000 /Users/masa/Documents/Trabajos/BCP/code/cef/source/clv_cef/cef_engine/curves_all.py:8(CurveCan)
1,0,0,0,0,0.000 /Users/masa/Documents/Trabajos/BCP/code/cef/source/clv_cef/cef_engine/curves_all.py:33(CurvePD)
1,0,0,0,0,0.000 /Users/masa/Documents/Trabajos/BCP/code/cef/source/clv_cef/cef_engine/curves_all.py:117(__init__)
1,0,0,0,0,0.000 /Users/masa/Documents/Trabajos/BCP/code/cef/source/clv_cef/cef_engine/curves_all.py:114(CurveRR2)
1,0,0,0,0,0.000 /Users/masa/Documents/Trabajos/BCP/code/cef/source/clv_cef/cef_engine/curves_all.py:134(__init__)
1,0,0,0,0,0.000 /Users/masa/Documents/Trabajos/BCP/code/cef/source/clv_cef/cef_engine/curves_all.py:151(__init__)
1,0,0,0,0,0.000 /Users/masa/Documents/Trabajos/BCP/code/cef/source/clv_cef/cef_engine/CLV_Engine.py:168(set_path_ecap)
1,0,0,0,0,0.000 /Users/masa/Documents/Trabajos/BCP/code/cef/source/clv_cef/cef_engine/CLV_Engine.py:178(set_path_cost)
1,0,0,0,0,0.000 /Users/masa/Documents/Trabajos/BCP/code/cef/source/clv_cef/cef_engine/CLV_Engine.py:192(set_path_ing)
1,0,0,0,0,0.000 /Users/masa/Documents/Trabajos/BCP/code/cef/venv_cef/lib/python3.7/site-packages/numpy/testing/_private/utils.py:1298(_Dummy)
1,0,0,0,0,0.000 /Users/masa/Documents/Trabajos/BCP/code/cef/venv_cef/lib/python3.7/site-packages/numpy/testing/_private/utils.py:1922(IgnoreException)
1,0,0,0,0,0.000 /Users/masa/Documents/Trabajos/BCP/code/cef/source/clv_cef/cef_engine/curves_all.py:187(CurvesTT_Desc)
1,0,0,0,0,0.000 /Users/masa/Documents/Trabajos/BCP/code/cef/source/clv_cef/cef_engine/curves_all.py:52(CurvePre)
1,0,0,0,0,0.000 /Users/masa/Documents/Trabajos/BCP/code/cef/source/clv_cef/cef_engine/curves_all.py:81(CurveLGD)
1,0,0,0,0,0.000 /Users/masa/Documents/Trabajos/BCP/code/cef/source/clv_cef/cef_engine/curves_all.py:98(CurveRR1)
1,0,0,0,0,0.000 /Users/masa/Documents/Trabajos/BCP/code/cef/source/clv_cef/cef_engine/curves_all.py:131(CurvePA)